steam_id,discord_id,discord_name,display_name,game_name,total_matches,total_class_rounds,total_seconds,total_minutes,total_hours,scout_hours,sniper_hours,soldier_hours,demoman_hours,medic_hours,hwguy_hours,pyro_hours,spy_hours,engineer_hours,kills,deaths_by_enemy,deaths_by_team,suicides,enemy_damage,team_damage,self_damage,team_kills,flag_captures,flag_touches,conc_jumps,suicides_per_match,team_damage_per_match,team_kills_per_match,first_match_ts,last_match_ts,first_match_date,last_match_date
STEAM_0:0:661896,1291623909950754817,Moreno,Moreno,rQ.Moreno,936,2031,1649810,27496.83,458.28,1.95,0.17,51.49,53.01,219.87,92.47,0.0,1.16,38.07,75220,61172,8476,6829,14122468,2208279,1657071,9105,1281,14233,83836,7.296,2359.27,9.728,1758599141,1783227853,"2025-09-23 03:45:41","2026-07-05 05:04:13"
STEAM_0:0:18619424,468578577537826831,rufi0,rufi0,"|c4| rufi0",829,2015,1435697,23928.28,398.8,7.55,0.08,98.72,92.92,179.47,14.89,0.0,2.43,2.73,64525,63485,7778,8745,12214206,2984003,3155880,11852,2039,17019,98855,10.549,3599.52,14.297,1758766872,1783044091,"2025-09-25 02:21:12","2026-07-03 02:01:31"
STEAM_0:0:215536322,742572718095859793,killu,killu,vatos-locos4life,798,1639,1430904,23848.4,397.47,0.22,0.0,128.38,21.68,196.45,14.74,0.0,0.0,36.01,45388,49609,7770,4518,9180194,1667059,2253976,6685,1630,10946,63137,5.662,2089.05,8.377,1758766872,1783197191,"2025-09-25 02:21:12","2026-07-04 20:33:11"
STEAM_0:1:160553225,384845530712506368,Emilio!.ar,Emilio!.ar,"venny . sucks my balls !!!",671,1824,1127775,18796.25,313.27,50.88,0.0,52.34,6.34,98.74,6.04,0.0,0.04,98.89,36339,66363,6486,4160,7208437,1304966,1088049,4893,1945,16660,107500,6.2,1944.81,7.292,1759112148,1783110819,"2025-09-29 02:15:48","2026-07-03 20:33:39"
STEAM_0:1:8914480,126107614240178176,Carbon,Carbon,"rQ. TFC FUGUTIVE",660,1420,1165011,19416.85,323.61,5.17,0.0,67.49,9.03,151.77,37.42,0.0,0.38,52.36,41097,46284,6983,4175,8179803,1129322,1267401,4568,1046,9682,70749,6.326,1711.09,6.921,1758599141,1783200109,"2025-09-23 03:45:41","2026-07-04 21:21:49"
STEAM_0:0:36944510,185013986557820928,SERuM,SERuM,"stiLL ＃ SERuM",584,1192,1041180,17353.0,289.22,0.34,0.0,32.36,0.0,144.76,47.21,0.0,0.01,64.52,32480,38517,5202,2371,6615850,1002451,524788,3864,490,5682,46396,4.06,1716.53,6.616,1759112148,1783200109,"2025-09-29 02:15:48","2026-07-04 21:21:49"
STEAM_0:1:1058823,183763294996135936,spek,spek,"spek ＃freebuck",541,1267,957786,15963.1,266.05,8.13,0.01,73.29,35.59,118.52,17.98,0.0,0.23,12.3,36309,39965,4934,3873,7226847,1180210,1035745,4505,1101,8950,46472,7.159,2181.53,8.327,1759026660,1783222352,"2025-09-28 02:31:00","2026-07-05 03:32:32"
STEAM_0:0:22020435,705975829410217996,"KuKu Bird","KuKu Bird","little freakl3",538,1232,930417,15506.95,258.45,1.7,0.14,66.48,32.92,120.03,18.73,1.08,1.46,15.76,38678,38037,5074,4974,7590835,1387431,1478823,4817,1096,8032,41983,9.245,2578.87,8.954,1758599141,1782967968,"2025-09-23 03:45:41","2026-07-02 04:52:48"
STEAM_0:1:113066980,451243270065094677,HanzzYolo,HanzzYolo,|-|4Nzz7010,489,1053,862959,14382.65,239.71,0.28,0.0,62.92,2.78,116.5,19.83,0.0,0.19,37.22,28531,30817,4598,3666,5839067,668998,1316345,2573,681,5928,35862,7.497,1368.09,5.262,1759191171,1783219873,"2025-09-30 00:12:51","2026-07-05 02:51:13"
STEAM_0:1:224817525,389593841390583809,enrique,enrique,tittywho,422,1075,726799,12113.32,201.89,10.24,0.07,30.97,6.78,84.83,49.22,0.0,0.85,18.92,37495,37877,5717,3302,7106944,954189,1142773,4271,1150,9647,51670,7.825,2261.11,10.121,1766689301,1782699568,"2025-12-25 19:01:41","2026-06-29 02:19:28"
STEAM_0:1:54513044,717554114300739675,jas0n5477,jas0n5477,theycallme-jason,403,1061,689850,11497.5,191.63,20.08,0.03,11.78,32.48,72.55,6.93,0.0,0.1,47.69,22494,36580,3889,2509,4149553,1012868,447773,4064,967,9073,58155,6.226,2513.32,10.084,1759546219,1782690020,"2025-10-04 02:50:19","2026-06-28 23:40:20"
STEAM_0:0:7896233,760246454357983252,smile,smile,{GTO}Nomad,388,1056,653295,10888.25,181.47,3.55,0.0,32.84,35.52,80.84,14.71,0.0,2.26,11.75,30428,32595,4024,3417,5951257,1137562,837922,4405,1269,9075,48273,8.807,2931.86,11.353,1759112148,1780951554,"2025-09-29 02:15:48","2026-06-08 20:45:54"
STEAM_0:1:17947198,1433938536117178494,plin/braco,plin/braco,welos,360,839,631206,10520.1,175.34,9.44,0.0,28.97,1.35,70.2,19.21,1.58,5.31,39.28,23893,26929,3967,2920,4775526,821207,665884,3265,672,5594,31857,8.111,2281.13,9.069,1759185746,1783227853,"2025-09-29 22:42:26","2026-07-05 05:04:13"
STEAM_0:1:11788346,699893964974587995,kix,kix,kix,356,780,633222,10553.7,175.9,1.32,0.09,50.38,24.47,84.47,13.99,0.0,0.05,1.12,23345,24407,3568,3338,4490367,914805,1221339,3729,745,6543,34485,9.376,2569.68,10.475,1759191171,1783222352,"2025-09-30 00:12:51","2026-07-05 03:32:32"
STEAM_0:1:59994,696155341951598649,"asie slater","asie slater",tiredrazor,342,735,612052,10200.87,170.01,0.03,0.0,26.09,22.57,73.64,2.88,0.0,8.87,35.93,19365,21765,3176,2428,3743901,828025,582992,3187,369,3118,19045,7.099,2421.13,9.319,1759020330,1783227853,"2025-09-28 00:45:30","2026-07-05 05:04:13"
STEAM_0:0:84622,308791843057958912,MightyMouse,MightyMouse,MightyMouse-bbL,336,985,549814,9163.57,152.73,3.98,0.13,38.94,20.13,62.92,20.34,0.01,0.85,5.42,33526,34430,2957,2345,6871255,994659,701981,4320,1359,11869,60677,6.979,2960.29,12.857,1759020330,1783216302,"2025-09-28 00:45:30","2026-07-05 01:51:42"
STEAM_0:0:12161876,1096314509565640724,Ghosty,Ghosty,"％i get slayed",326,807,572560,9542.67,159.04,12.11,0.0,30.53,1.1,64.5,14.63,0.02,0.15,36.02,20489,25225,3651,2901,4356598,647363,736503,2480,590,4717,29050,8.899,1985.78,7.607,1764546927,1783227853,"2025-11-30 23:55:27","2026-07-05 05:04:13"
STEAM_0:1:45567960,737481545216163891,dullrazor,dullrazor,"|c4| dullrazor",311,642,557464,9291.07,154.85,0.0,0.08,22.52,0.39,71.43,1.93,0.0,0.23,58.27,12915,20681,2281,2182,2614206,411114,583085,1183,187,2091,19457,7.016,1321.91,3.804,1758599141,1781494128,"2025-09-23 03:45:41","2026-06-15 03:28:48"
STEAM_0:1:1037349,196477372315336710,dirk,dirk,"＃FREEBIRD",306,650,546554,9109.23,151.82,1.11,0.0,30.21,21.72,74.35,23.78,0.0,0.04,0.62,24989,19754,2312,1943,4828411,808581,622221,3291,594,5236,25469,6.35,2642.42,10.755,1759286652,1783225023,"2025-10-01 02:44:12","2026-07-05 04:17:03"
STEAM_0:1:8490,186263176206090240,Dospac,Dospac,theycallme-k,297,610,531146,8852.43,147.54,1.11,0.0,35.81,1.89,72.68,20.06,0.0,0.0,15.99,18748,18749,2829,1972,3754124,555635,672531,2313,578,4134,27333,6.64,1870.82,7.788,1760476399,1783038697,"2025-10-14 21:13:19","2026-07-03 00:31:37"
STEAM_0:1:57115,339782214562873344,KOOL-AiD,KOOL-AiD,"hello? catgif incel pls",277,622,488917,8148.62,135.81,7.41,0.0,41.83,12.74,59.4,9.82,0.0,0.0,4.61,19923,19774,2733,2279,3855069,698740,671033,3001,966,6188,27683,8.227,2522.53,10.834,1759023794,1783128818,"2025-09-28 01:43:14","2026-07-04 01:33:38"
STEAM_0:0:284679,213100200028405760,chefmou7h^,chefmou7h^,hef,263,563,460122,7668.7,127.81,1.32,0.0,24.9,11.62,61.88,5.35,0.0,0.02,22.72,14548,17194,3133,2553,2920973,705726,771278,2699,344,2962,23778,9.707,2683.37,10.262,1760928480,1771645270,"2025-10-20 02:48:00","2026-02-21 03:41:10"
STEAM_0:0:26813481,311769927432404994,Nemsy,Nemsy,"{][ NEMSY ][}",256,765,435078,7251.3,120.86,6.35,0.0,20.95,28.48,50.71,2.02,0.0,0.54,11.81,22760,26250,2688,2232,4476010,951037,629149,3995,824,6827,41366,8.719,3714.99,15.605,1759637093,1782967968,"2025-10-05 04:04:53","2026-07-02 04:52:48"
STEAM_0:0:174273074,323555053363265536,craig,craig,"wtf however",254,552,454014,7566.9,126.12,2.83,0.0,32.06,13.47,59.01,14.73,0.02,0.03,3.97,19461,18386,2568,1883,3701650,579693,612485,2261,486,3865,21787,7.413,2282.26,8.902,1758949997,1783216302,"2025-09-27 05:13:17","2026-07-05 01:51:42"
STEAM_0:0:26635064,310929767673102337,DIVISION_WaGoNWh33L,DIVISION_WaGoNWh33L,{GTO}WaGGleS,237,734,361327,6022.12,100.37,10.36,0.0,10.56,24.73,30.42,4.51,0.0,1.3,18.49,16198,26306,2810,1711,3192538,690539,331174,2836,909,5984,33096,7.219,2913.67,11.966,1759275511,1783117191,"2025-09-30 23:38:31","2026-07-03 22:19:51"
STEAM_0:1:1752496,291754504158838784,AuthenticNY,AuthenticNY,"AUTHENTIC [220]",236,611,394646,6577.43,109.62,3.42,0.0,13.04,10.52,46.76,35.5,0.0,0.12,0.25,24846,19462,2614,1656,4745485,843424,438201,3531,684,4661,25280,7.017,3573.83,14.962,1759114506,1783227853,"2025-09-29 02:55:06","2026-07-05 05:04:13"
STEAM_0:1:3613037,270636499190546432,CheeseFromTFC,CheeseFromTFC,k,235,515,410878,6847.97,114.13,14.54,0.0,14.77,32.7,40.84,8.0,0.0,0.03,3.25,16509,18701,2045,1849,3042543,860653,541786,3425,852,6141,32452,7.868,3662.35,14.574,1763280020,1783041198,"2025-11-16 08:00:20","2026-07-03 01:13:18"
STEAM_0:0:90069,700890663385956393,wheaties,wheaties,rufi0,226,644,389971,6499.52,108.33,4.03,0.0,24.6,24.53,47.41,5.81,0.0,0.14,1.81,21947,21010,2141,1920,4215616,751559,545654,3315,907,6495,33582,8.496,3325.48,14.668,1760227292,1783128818,"2025-10-12 00:01:32","2026-07-04 01:33:38"
STEAM_0:0:426568628,305373873409622017,fatal,fatal,"i have better than luck",222,626,394811,6580.18,109.67,3.26,0.07,26.44,21.2,49.02,8.61,0.01,0.31,0.75,23731,19559,2220,2440,4492147,742361,786171,2895,640,5299,25597,10.991,3343.97,13.041,1759714856,1783114375,"2025-10-06 01:40:56","2026-07-03 21:32:55"
STEAM_0:1:700333,914321613862875176,karms,karms,{USA}kman,220,488,387103,6451.72,107.53,0.98,0.0,41.1,4.23,50.16,4.37,0.0,1.54,5.15,14046,15122,2413,1947,2914015,470269,746314,1968,504,3599,20941,8.85,2137.59,8.945,1767664322,1781739801,"2026-01-06 01:52:02","2026-06-17 23:43:21"
STEAM_0:1:1691576,314601291403886599,Yosh,Yosh,wheatus,201,575,337663,5627.72,93.8,4.1,0.0,24.88,7.79,39.59,9.78,0.0,0.49,7.17,16457,19103,2135,1689,3357608,533103,480981,2283,572,5175,31200,8.403,2652.25,11.358,1759034176,1783225023,"2025-09-28 04:36:16","2026-07-05 04:17:03"
STEAM_0:0:1648744,404362334988140554,omeN,omeN,omeN,198,406,352627,5877.12,97.95,0.01,0.0,27.97,13.72,48.04,3.12,0.0,0.0,5.09,12540,12378,2118,1876,2494857,622225,721058,2390,320,2663,16628,9.475,3142.55,12.071,1758766872,1782967968,"2025-09-25 02:21:12","2026-07-02 04:52:48"
STEAM_0:1:19081858,248225768683995136,curtwild,curtwild,CurtWild.es,197,457,342464,5707.73,95.13,2.58,0.0,43.3,0.27,44.8,2.15,0.0,0.06,1.98,13407,14671,2043,1821,2741040,420426,566510,1904,610,4417,22336,9.244,2134.14,9.665,1760023097,1782355193,"2025-10-09 15:18:17","2026-06-25 02:39:53"
STEAM_0:1:10811291,241378469454413834,Death,Death,oK,193,404,345976,5766.27,96.1,0.2,0.0,33.71,3.66,45.87,12.11,0.0,0.0,0.55,14693,11683,1758,1386,2899367,379826,499694,1399,439,3225,15030,7.181,1968.01,7.249,1758599141,1762587025,"2025-09-23 03:45:41","2025-11-08 07:30:25"
STEAM_0:1:5107,356923411567738881,Nomad,Nomad,{GTO}Nomad,173,455,295083,4918.05,81.97,2.4,0.0,9.68,20.18,35.95,6.57,0.21,0.47,6.5,12611,14842,1363,1370,2470489,480292,321359,1846,455,3417,19478,7.919,2776.25,10.671,1758953282,1783030453,"2025-09-27 06:08:02","2026-07-02 22:14:13"
STEAM_0:0:855795148,1248008548625944659,ari,ari,zilbO,170,479,295058,4917.63,81.96,7.36,0.0,26.98,5.17,31.89,8.6,0.0,0.38,1.58,14127,15735,1623,1072,2836850,445484,385421,1968,541,3803,23144,6.306,2620.49,11.576,1759530225,1782855312,"2025-10-03 22:23:45","2026-06-30 21:35:12"
STEAM_0:1:7258560,562854514860752897,SLICK,SLICK,[220]SLICK,166,410,291670,4861.17,81.02,3.36,0.0,11.21,24.65,34.64,5.31,0.37,0.13,1.35,11642,12967,1321,1600,2079951,564879,428946,2233,466,4033,19447,9.639,3402.89,13.452,1758599141,1782358893,"2025-09-23 03:45:41","2026-06-25 03:41:33"
STEAM_0:0:25104040,276840187768864768,nano.ar,nano.ar,o.o7,164,357,291821,4863.68,81.06,1.92,0.01,6.09,0.02,38.39,2.91,0.15,0.0,31.58,7567,11292,1426,614,1446189,222945,101923,782,106,1630,14376,3.744,1359.42,4.768,1763364075,1768613544,"2025-11-17 07:21:15","2026-01-17 01:32:24"
STEAM_0:0:1260882,196499758867546113,Erb,Erb,pacquiao,163,336,290776,4846.27,80.77,0.01,0.0,2.6,0.8,39.42,12.65,0.0,0.46,24.83,10790,10087,1663,909,1993833,328519,135111,1372,238,1892,12276,5.577,2015.45,8.417,1760253532,1783227853,"2025-10-12 07:18:52","2026-07-05 05:04:13"
STEAM_0:0:645065,207485939050741760,Force,Force,"|FoE| w0maniz3r-TPF-",150,323,266612,4443.53,74.06,2.0,0.0,9.63,25.12,34.35,0.15,0.0,0.03,2.78,10297,9052,1147,941,1848601,544894,236775,2329,215,1896,11433,6.273,3632.63,15.527,1760663322,1783036142,"2025-10-17 01:08:42","2026-07-02 23:49:02"
STEAM_0:1:104399409,632763785446424577,coca,coca,trasscoca,143,401,217774,3629.57,60.49,10.15,0.0,6.16,5.14,14.94,10.54,0.0,0.01,13.54,8852,14273,1422,900,1643013,289814,139463,1227,520,4342,23890,6.294,2026.67,8.58,1759535385,1782699568,"2025-10-03 23:49:45","2026-06-29 02:19:28"
STEAM_0:1:5622,303845825476558859,dougtck,dougtck,Doug[65+],143,335,245807,4096.78,68.28,5.26,0.03,10.88,18.93,27.27,2.77,0.0,0.0,3.13,10284,11583,1353,1048,1863951,547388,291893,2174,526,3369,17093,7.329,3827.89,15.203,1758956059,1782951508,"2025-09-27 06:54:19","2026-07-02 00:18:28"
STEAM_0:0:144175,1366425812458274888,Jagz,Jagz,"lil jagg3r",138,293,247617,4126.95,68.78,0.79,0.0,16.41,9.72,33.63,0.75,0.0,0.02,7.47,8320,9252,1258,865,1614992,368022,300057,1539,196,1877,11436,6.268,2666.83,11.152,1759773483,1783209914,"2025-10-06 17:58:03","2026-07-05 00:05:14"
STEAM_0:1:104939,797227925162033202,Naz,Naz,"etfc|. N a z",135,271,244062,4067.7,67.8,0.0,0.0,23.68,0.75,33.99,2.0,0.0,0.0,7.39,8400,8477,1431,849,1717475,267468,345285,1105,214,1793,9852,6.289,1981.24,8.185,1759532989,1783124105,"2025-10-03 23:09:49","2026-07-04 00:15:05"
STEAM_0:0:125453,193225438355652608,"the Paper","the Paper","the Paper",130,330,223178,3719.63,61.99,0.07,0.87,8.73,4.5,28.37,3.96,0.0,0.02,15.48,8877,9902,934,1211,1597705,242827,260279,526,113,1251,8576,9.315,1867.9,4.046,1758599141,1782529226,"2025-09-23 03:45:41","2026-06-27 03:00:26"
STEAM_0:0:243368586,929631116044955648,KingOfPests,KingOfPests,rQ.K.o.p.iA,123,267,219335,3655.58,60.93,0.04,0.0,25.33,1.0,28.83,1.99,0.0,0.11,3.63,6976,8292,1218,797,1460316,237936,366573,840,251,1822,9560,6.48,1934.44,6.829,1758599141,1781067026,"2025-09-23 03:45:41","2026-06-10 04:50:26"
STEAM_0:1:476754,718663195077640233,m3d^,m3d^,m3d^,118,308,210718,3511.97,58.53,2.25,0.0,11.06,11.49,24.46,3.51,0.0,1.22,4.55,10031,9589,1234,917,1833882,370346,270706,1358,269,2539,13132,7.771,3138.53,11.508,1761520379,1781739801,"2025-10-26 23:12:59","2026-06-17 23:43:21"
STEAM_0:1:3810501,544041066966548510,cigs,cigs,Cigs,112,226,201235,3353.92,55.9,0.09,0.0,7.69,13.08,27.78,2.51,0.0,0.0,4.75,6136,6433,757,508,1158393,283681,150045,1213,146,1195,7585,4.536,2532.87,10.83,1759023794,1777686586,"2025-09-28 01:43:14","2026-05-02 01:49:46"
STEAM_0:1:512678151,704204162958753892,Sandro7(oh)2,Sandro7(oh)2,sandro,102,320,131285,2188.08,36.47,1.77,0.0,10.35,12.8,8.88,0.57,0.0,0.36,1.75,6397,10427,1031,860,1271303,279317,212951,1100,343,2448,15306,8.431,2738.4,10.784,1759112148,1783124105,"2025-09-29 02:15:48","2026-07-04 00:15:05"
STEAM_0:0:6409859,346077781819654144,NOOKIE,NOOKIE,NOOKIE,101,209,179221,2987.02,49.78,0.01,0.0,17.12,2.1,22.84,1.53,0.0,0.46,5.72,5084,6267,1011,684,1046275,165196,250079,557,112,1099,6200,6.772,1635.6,5.515,1758953282,1783044091,"2025-09-27 06:08:02","2026-07-03 02:01:31"
STEAM_0:0:840023431,1149892238135013457,"➁🅃🄾🄴🅂 👣","➁🅃🄾🄴🅂 👣","walking dog brb",98,199,175039,2917.32,48.62,0.08,0.0,1.69,0.0,24.21,0.0,0.0,0.04,22.6,3844,6121,985,681,737742,138461,99446,512,77,779,5065,6.949,1412.87,5.224,1759359866,1783126439,"2025-10-01 23:04:26","2026-07-04 00:53:59"
STEAM_0:0:116972,396870697915252746,RedAlert,RedAlert,RedAlert,90,204,162445,2707.42,45.12,2.35,0.0,12.88,5.96,19.7,0.74,0.0,0.0,3.5,5923,6851,960,693,1195056,234433,221946,902,205,1476,9268,7.7,2604.81,10.022,1758942947,1782782386,"2025-09-27 03:15:47","2026-06-30 01:19:46"
STEAM_0:1:131282,1500666638410973227,moclight,moclight,light,85,192,147611,2460.18,41.0,0.65,0.0,7.31,5.39,19.55,1.25,0.0,0.08,6.77,4235,5638,738,535,881037,154051,155487,592,105,1006,7630,6.294,1812.36,6.965,1759365615,1782949184,"2025-10-02 00:40:15","2026-07-01 23:39:44"
STEAM_0:1:55680,244134817921368075,BadLuck,BadLuck,|2k1|i-have-worse-thin-bad-luck,84,172,150525,2508.75,41.81,0.29,0.0,8.71,9.84,20.37,1.34,0.0,0.26,1.0,5702,4926,736,557,1107115,240834,189190,987,135,1063,6979,6.631,2867.07,11.75,1759875618,1783222352,"2025-10-07 22:20:18","2026-07-05 03:32:32"
STEAM_0:0:11458044,305373873409622017,fatal,fatal,fuTAHL,83,234,149224,2487.07,41.45,1.36,0.0,9.64,6.96,19.17,3.73,0.0,0.19,0.4,8943,7175,889,897,1678867,277916,292545,1110,238,1910,9186,10.807,3348.39,13.373,1759188757,1779755645,"2025-09-29 23:32:37","2026-05-26 00:34:05"
STEAM_0:0:98260,255834576742645761,Ricky,Ricky,"ricky -bbL",82,216,135370,2256.17,37.6,0.68,0.47,7.99,3.09,15.88,2.82,0.04,0.98,5.66,6631,6859,729,724,1282988,236473,234964,737,182,1451,7052,8.829,2883.82,8.988,1759721010,1783044091,"2025-10-06 03:23:30","2026-07-03 02:01:31"
STEAM_0:1:68678,429379328053346314,dexterity,dexterity,walnut,82,167,146613,2443.55,40.73,0.0,0.0,15.54,0.75,20.28,1.75,0.0,0.12,2.28,4412,5241,841,708,885115,156802,256981,679,144,1121,6061,8.634,1912.22,8.28,1759961486,1782951508,"2025-10-08 22:11:26","2026-07-02 00:18:28"
STEAM_0:1:8415345,281609806702313472,blitz,blitz,chad,82,188,142928,2382.13,39.7,1.14,0.0,9.87,6.41,18.03,3.52,0.0,0.23,0.5,6357,6228,846,696,1217778,242271,211038,1025,146,1484,9868,8.488,2954.52,12.5,1759893170,1782964028,"2025-10-08 03:12:50","2026-07-02 03:47:08"
STEAM_0:0:52048434,328667023863447552,Danimal,Danimal,Danimal,77,158,136795,2279.92,38.0,0.0,0.0,6.61,5.06,18.83,6.74,0.0,0.01,0.75,5219,4511,586,395,1012190,182482,96896,836,115,982,5858,5.13,2369.9,10.857,1761094784,1783128818,"2025-10-22 00:59:44","2026-07-04 01:33:38"
STEAM_0:1:567243941,707756055723114576,h4x-W!LL,h4x-W!LL,[h4x]W!LL,73,147,127826,2130.43,35.51,0.26,0.0,0.0,0.0,17.3,0.0,0.0,0.0,17.94,3291,4058,490,273,608688,81292,30277,270,54,564,4255,3.74,1113.59,3.699,1759370285,1782529226,"2025-10-02 01:58:05","2026-06-27 03:00:26"
STEAM_0:1:3092385,726909571926458468,pip,pip,"pip vi-vii",72,146,128965,2149.42,35.82,0.06,0.0,11.77,0.0,17.75,1.75,0.0,0.0,4.5,3641,4450,687,526,769426,119377,205771,519,77,715,6112,7.306,1658.01,7.208,1766098201,1771376462,"2025-12-18 22:50:01","2026-02-18 01:01:02"
STEAM_0:0:108427761,183349288649228288,Hewber,Hewber,"I'm crankin so hard rn",69,208,118361,1972.68,32.88,3.37,0.02,4.07,0.89,12.24,10.24,0.0,0.25,1.79,5738,6822,701,480,1087286,137908,95224,557,194,1570,10613,6.957,1998.67,8.072,1759969929,1783216302,"2025-10-09 00:32:09","2026-07-05 01:51:42"
STEAM_0:0:455990175,850572734429921300,kacchan,kacchan,kacchan,69,143,124425,2073.75,34.56,0.3,0.0,4.02,11.03,16.96,1.4,0.0,0.0,0.85,4499,4637,545,395,787903,242667,124112,1036,131,1145,6607,5.725,3516.91,15.014,1760743340,1782680524,"2025-10-17 23:22:20","2026-06-28 21:02:04"
STEAM_0:0:412602,115853001608003590,hero,hero,hero,64,131,114500,1908.33,31.81,0.29,0.21,9.52,4.47,15.31,1.75,0.0,0.0,0.25,4762,4142,615,379,888141,161052,167170,654,122,897,5419,5.922,2516.44,10.219,1759551533,1783225023,"2025-10-04 04:18:53","2026-07-05 04:17:03"
STEAM_0:1:40017269,542264913440276481,69nutjob,69nutjob,sixty-nine&#x60;&#x60;&#x60;,60,121,108568,1809.47,30.16,0.0,0.0,1.81,0.0,15.07,0.0,0.0,0.0,13.28,2025,3526,513,340,407397,86538,52752,297,26,282,3685,5.667,1442.3,4.95,1771046731,1780720659,"2026-02-14 05:25:31","2026-06-06 04:37:39"
STEAM_0:1:5382099,184467143520288768,davjs,davjs,lat,59,118,106419,1773.65,29.56,0.5,0.0,7.85,0.75,14.17,6.29,0.0,0.0,0.0,4705,3271,366,232,938914,92678,85536,413,102,676,4406,3.932,1570.81,7.0,1759446932,1782428311,"2025-10-02 23:15:32","2026-06-25 22:58:31"
STEAM_0:0:548471924,354024277596569601,JesseDesu,JesseDesu,"Lisa Loeb",58,140,101292,1688.2,28.14,0.09,0.0,1.75,2.01,11.85,0.0,0.0,1.18,11.25,2601,4312,414,394,482848,74945,85313,235,62,662,4016,6.793,1292.16,4.052,1759205925,1779848880,"2025-09-30 04:18:45","2026-05-27 02:28:00"
STEAM_0:1:77878,187746926425276416,exr8ed-VD,exr8ed-VD,exr8ed-VD,56,147,85575,1426.25,23.77,0.46,0.0,12.27,0.0,9.2,0.0,0.0,0.0,1.84,3199,4442,527,463,730901,109756,119789,443,82,665,4722,8.268,1959.93,7.911,1780637783,1783227853,"2026-06-05 05:36:23","2026-07-05 05:04:13"
STEAM_0:1:86025,219420386612215808,grens,grens,grens,53,126,95113,1585.22,26.42,0.12,0.0,8.08,1.75,13.22,3.25,0.0,0.01,0.0,4128,3888,420,278,813660,115425,106154,497,150,1282,5238,5.245,2177.83,9.377,1760314865,1782695010,"2025-10-13 00:21:05","2026-06-29 01:03:30"
STEAM_0:1:546433,213898688924221440,auto!dead,auto!dead,"auto! dead",51,132,88760,1479.33,24.66,0.3,0.0,3.3,6.15,11.0,1.81,0.0,0.37,1.72,3858,3796,430,400,673058,145626,74364,553,93,833,5453,7.843,2855.41,10.843,1760552613,1775346472,"2025-10-15 18:23:33","2026-04-04 23:47:52"
STEAM_0:0:523424565,366404882217041920,Hydraysh,Hydraysh,"Princess Peach",47,101,82409,1373.48,22.89,0.6,0.0,3.76,3.49,10.79,0.5,0.0,0.0,3.76,2795,3314,480,432,521062,119412,102266,521,104,758,4861,9.191,2540.68,11.085,1761356298,1772940771,"2025-10-25 01:38:18","2026-03-08 03:32:51"
STEAM_0:1:3775094,395726441733685268,zozozowned,zozozowned,zozozozo,45,93,80993,1349.88,22.5,0.0,0.0,1.13,1.84,11.15,0.0,0.0,0.0,8.38,2638,3119,316,280,510712,94105,44882,370,42,487,3621,6.222,2091.22,8.222,1759863036,1783021958,"2025-10-07 18:50:36","2026-07-02 19:52:38"
STEAM_0:0:1743604,407023338905665546,dy,dy,twitch.tv/dyybr,44,121,69690,1161.5,19.36,1.03,0.0,5.82,0.0,6.76,1.0,0.0,0.0,4.75,2945,4103,520,256,600280,88561,81435,418,90,779,5236,5.818,2012.75,9.5,1764462026,1782523449,"2025-11-30 00:20:26","2026-06-27 01:24:09"
STEAM_0:1:10843944,705978478050410597,MCoZ,MCoZ,unknown,42,86,75884,1264.73,21.08,0.14,0.0,9.08,0.25,9.86,1.0,0.0,0.0,0.75,2137,2474,400,383,470641,76428,153315,295,43,478,3035,9.119,1819.71,7.024,1759119846,1782514062,"2025-09-29 04:24:06","2026-06-26 22:47:42"
STEAM_0:1:3569972,1308534540440178720,MajorPain,MajorPain,MaJoR,41,85,72899,1214.98,20.25,0.12,0.0,2.75,1.0,9.93,1.82,0.0,0.0,4.63,2386,2515,409,189,439616,61178,46131,226,59,448,3089,4.61,1492.15,5.512,1760291632,1782677011,"2025-10-12 17:53:52","2026-06-28 20:03:31"
STEAM_0:0:1452755,534527174854574081,Bambaz,Bambaz,manu,40,99,63614,1060.23,17.67,0.59,0.0,3.75,1.26,7.31,3.01,0.0,0.01,1.75,2801,3438,451,251,550021,86971,79105,404,117,912,6066,6.275,2174.28,10.1,1759188757,1781473903,"2025-09-29 23:32:37","2026-06-14 21:51:43"
STEAM_0:0:66094767,335612745540173834,folk,folk,"positive mental attitude",40,110,68702,1145.03,19.08,2.7,0.03,5.1,0.26,6.3,1.18,0.0,0.03,3.48,2353,3511,397,261,468011,72020,46242,237,113,778,4912,6.525,1800.5,5.925,1764476991,1772488301,"2025-11-30 04:29:51","2026-03-02 21:51:41"
STEAM_0:1:16295419,401076973620953098,arenzi,arenzi,default,40,97,69467,1157.78,19.3,1.12,0.0,3.89,2.02,8.2,3.08,0.0,0.06,0.93,2958,3130,341,223,547369,101265,72575,449,115,899,4528,5.575,2531.63,11.225,1762121253,1782930639,"2025-11-02 22:07:33","2026-07-01 18:30:39"
STEAM_0:0:1081976,380383512391319563,Atrocity187,Atrocity187,lh,39,81,70815,1180.25,19.67,0.0,0.0,7.66,0.25,9.77,0.0,0.0,0.0,1.99,2111,2390,451,293,437620,64783,112469,242,34,413,3073,7.513,1661.1,6.205,1759365615,1775705208,"2025-10-02 00:40:15","2026-04-09 03:26:48"
STEAM_0:1:39412,227973380391960578,myth8946,myth8946,myth,39,85,70518,1175.3,19.59,0.51,0.0,7.12,1.98,8.97,1.0,0.0,0.0,0.0,2584,2551,361,364,514682,106607,130263,416,92,623,3494,9.333,2733.51,10.667,1760291632,1781473903,"2025-10-12 17:53:52","2026-06-14 21:51:43"
STEAM_0:0:67054,498840100441161729,sincie,sincie,sylph,38,94,67251,1120.85,18.68,1.36,0.03,2.84,0.48,7.41,0.0,0.0,0.0,6.54,1747,2738,341,444,337042,93353,107416,273,66,690,3977,11.684,2456.66,7.184,1759446932,1783209914,"2025-10-02 23:15:32","2026-07-05 00:05:14"
STEAM_0:1:212615736,589649579860033575,Buck,Buck,wave,38,83,60074,1001.23,16.69,0.0,0.0,4.07,1.76,7.58,1.97,0.0,0.55,0.75,2259,2396,375,262,436755,83466,82861,371,57,495,2870,6.895,2196.47,9.763,1759020330,1782193624,"2025-09-28 00:45:30","2026-06-23 05:47:04"
STEAM_0:0:6592058,121070392247975936,muerto,muerto,worstpick,37,75,66581,1109.68,18.49,0.0,0.0,5.28,0.25,8.81,0.56,0.0,0.0,3.6,1889,2329,374,223,406238,75628,75399,287,38,367,2326,6.027,2044.0,7.757,1758956059,1776580350,"2025-09-27 06:54:19","2026-04-19 06:32:30"
STEAM_0:0:76483,151144734579097601,EDEdDNEdDYFaN,EDEdDNEdDYFaN,"|BC| EDEdDNEdDYFaN",35,102,56414,940.23,15.67,1.77,0.0,2.69,3.3,5.52,2.34,0.0,0.05,0.0,3144,3750,373,250,571126,105862,60925,481,192,1222,6157,7.143,3024.63,13.743,1772951878,1783024406,"2026-03-08 06:37:58","2026-07-02 20:33:26"
STEAM_0:0:24983167,709312701913890867,Ivan,Ivan,"hellost? Ivan",33,64,53350,889.17,14.82,0.16,0.0,2.0,0.25,7.15,0.0,0.0,0.0,5.26,1456,2018,280,179,295245,47428,40579,158,47,343,2611,5.424,1437.21,4.788,1759020330,1773106249,"2025-09-28 00:45:30","2026-03-10 01:30:49"
STEAM_0:0:4621670,159556725647605761,Odi,Odi,Odi,32,82,54181,903.02,15.05,0.49,0.0,3.34,0.59,6.67,0.34,0.0,0.0,3.63,1767,2645,348,257,344805,63695,56555,281,54,470,3889,8.031,1990.47,8.781,1763527337,1783227853,"2025-11-19 04:42:17","2026-07-05 05:04:13"
STEAM_0:0:1694446,178336430798536704,"durden duvet","durden duvet","durdne absolutely blasted drunk",29,73,46300,771.67,12.86,0.34,0.0,3.63,0.79,5.41,2.13,0.0,0.05,0.52,2317,2390,274,218,476571,62643,76481,251,87,702,4000,7.517,2160.1,8.655,1760762293,1782347697,"2025-10-18 04:38:13","2026-06-25 00:34:57"
STEAM_0:1:587738781,194276343540613121,climax,climax,"razor thin climax",26,62,45690,761.5,12.69,0.26,0.0,2.1,2.73,5.86,1.75,0.0,0.0,0.0,1902,2044,209,199,349791,92757,56505,341,77,575,2871,7.654,3567.58,13.115,1761369808,1777167519,"2025-10-25 05:23:28","2026-04-26 01:38:39"
STEAM_0:0:1554021,250935977059549185,"go papi go papi go papi","go papi go papi go papi",hamhageN,21,45,36579,609.65,10.16,0.02,0.0,1.75,0.25,4.88,3.25,0.0,0.01,0.0,1727,1398,158,156,351640,41971,36339,193,25,323,2061,7.429,1998.62,9.19,1767750350,1782531795,"2026-01-07 01:45:50","2026-06-27 03:43:15"
STEAM_0:1:781040235,1174356468665958465,bronxeh,bronxeh,&lt;|187|&gt;Alicia,20,40,36576,609.6,10.16,0.0,0.0,0.0,0.0,5.02,0.5,0.0,0.0,4.64,1088,1191,161,88,198310,35241,9632,115,23,132,1176,4.4,1762.05,5.75,1761673483,1783024406,"2025-10-28 17:44:43","2026-07-02 20:33:26"
STEAM_0:1:125175,241705829336743939,Blx,Blx,Blx^,18,36,32461,541.02,9.02,0.0,0.0,2.25,0.0,4.51,2.26,0.0,0.0,0.0,1513,972,117,92,318603,32272,31056,112,38,197,1004,5.111,1792.89,6.222,1772491718,1780689658,"2026-03-02 22:48:38","2026-06-05 20:00:58"
STEAM_0:1:23602676,181121093342461952,BESTIA,BESTIA,BESTIA,18,42,31688,528.13,8.8,0.37,0.02,2.0,0.15,3.7,1.5,0.0,0.0,1.06,1133,1277,146,148,233712,41722,38102,149,25,227,1730,8.222,2317.89,8.278,1761254100,1761942597,"2025-10-23 21:15:00","2025-10-31 20:29:57"
STEAM_0:0:92298,207950155415158785,Kappa,Kappa,Kappa-,15,35,25191,419.85,7.0,0.22,0.0,1.81,1.0,3.2,0.5,0.0,0.0,0.26,1114,1069,135,132,216069,38261,30573,156,34,290,1615,8.8,2550.73,10.4,1760476399,1776796006,"2025-10-14 21:13:19","2026-04-21 18:26:46"
STEAM_0:0:12147350,299847295921553418,"osaft🇪🇺","osaft🇪🇺",safty,14,32,25211,420.18,7.0,0.02,0.0,0.25,0.0,3.48,0.0,0.0,0.0,3.25,505,906,115,76,102119,14639,10082,46,11,75,969,5.429,1045.64,3.286,1782671877,1783225023,"2026-06-28 18:37:57","2026-07-05 04:17:03"
STEAM_0:0:5302,1360719099390333079,redux,redux,redux,14,34,22290,371.5,6.19,0.0,0.0,1.44,0.0,2.44,0.0,0.0,0.01,2.3,519,795,95,107,102349,19615,18786,35,3,59,272,7.643,1401.07,2.5,1759548881,1781591899,"2025-10-04 03:34:41","2026-06-16 06:38:19"
STEAM_0:1:481409,120411697184768000,MILOS,MILOS,rQ.MILOS,14,32,23371,389.52,6.49,0.06,0.06,2.62,0.5,2.25,0.5,0.0,0.0,0.5,682,808,66,155,146721,43662,39777,85,23,154,713,11.071,3118.71,6.071,1762933512,1782193624,"2025-11-12 07:45:12","2026-06-23 05:47:04"
STEAM_0:1:1774174,939738698436714627,"e z n o r b","e z n o r b",eznor|3.&#x60;,13,27,23929,398.82,6.65,0.09,0.0,2.11,0.25,2.45,0.0,0.0,0.0,1.75,627,847,84,68,131413,24511,27347,47,13,129,707,5.231,1885.46,3.615,1759112148,1781494128,"2025-09-29 02:15:48","2026-06-15 03:28:48"
STEAM_0:0:27931133,272233232635002880,jigga,jigga,"the J I G",12,34,18868,314.47,5.24,0.27,0.0,0.58,1.75,1.97,0.0,0.0,0.01,0.67,898,1195,123,85,172913,46407,15864,207,16,178,1638,7.083,3867.25,17.25,1773103849,1779321374,"2026-03-10 00:50:49","2026-05-20 23:56:14"
STEAM_0:1:206377,176878275262545920,Hampster,Hampster,"low ceiling tfc player*",11,34,14615,243.58,4.06,0.25,0.0,1.58,0.97,0.81,0.04,0.07,0.04,0.3,1080,946,30,214,192068,52757,79277,95,25,202,355,19.455,4796.09,8.636,1760294945,1781850903,"2025-10-12 18:49:05","2026-06-19 06:35:03"
STEAM_0:1:5077420,188010370282029056,Nest,Nest,nest,11,24,19051,317.52,5.29,0.01,0.0,0.5,0.0,2.53,0.0,0.0,0.01,2.25,545,776,107,60,105292,12897,9090,42,17,123,962,5.455,1172.45,3.818,1776016503,1780787624,"2026-04-12 17:55:03","2026-06-06 23:13:44"
STEAM_0:1:2278493,118900492607684614,souz,souz,souz,10,22,16182,269.7,4.5,0.19,0.0,0.5,0.25,2.05,1.5,0.0,0.0,0.0,735,671,61,46,145846,16860,11613,65,21,189,971,4.6,1686.0,6.5,1764132130,1780888643,"2025-11-26 04:42:10","2026-06-08 03:17:23"
STEAM_0:1:514446165,343408263985102850,Bat,Bat,w0w,10,20,18065,301.08,5.02,0.0,0.0,1.0,0.25,2.52,0.0,0.0,0.0,1.25,512,601,114,68,113173,21053,20593,85,19,123,800,6.8,2105.3,8.5,1759439000,1763617503,"2025-10-02 21:03:20","2025-11-20 05:45:03"
STEAM_0:1:4088478,817683317448245258,charlie,charlie,plomf,9,18,16277,271.28,4.52,0.0,0.0,0.25,0.25,2.27,0.5,0.0,0.0,1.25,493,541,89,34,101634,16014,5650,64,10,75,663,3.778,1779.33,7.111,1772936442,1781413705,"2026-03-08 02:20:42","2026-06-14 05:08:25"
STEAM_0:1:28914,515968932641767444,Obliz,Obliz,Obliz,8,20,13777,229.62,3.83,0.13,0.0,0.43,0.25,1.44,0.0,0.0,0.0,1.57,371,676,70,82,68107,11897,11471,39,5,132,951,10.25,1487.13,4.875,1759863036,1780524884,"2025-10-07 18:50:36","2026-06-03 22:14:44"
STEAM_0:1:69020,1087546955506384987,rk,rk,rk,8,17,14422,240.37,4.01,0.0,0.0,1.51,0.0,2.0,0.5,0.0,0.0,0.0,610,477,75,67,130932,18282,33489,70,19,109,673,8.375,2285.25,8.75,1759629102,1782347697,"2025-10-05 01:51:42","2026-06-25 00:34:57"
STEAM_0:0:1040448,201817465187991552,TloFly,TloFly,-&#x3D;TLO&#x3D;-FLY,7,14,12595,209.92,3.5,0.0,0.0,0.5,0.0,1.75,0.25,0.0,0.0,1.0,295,403,58,24,57048,5884,4048,24,14,73,373,3.429,840.57,3.429,1760023097,1762450028,"2025-10-09 15:18:17","2025-11-06 17:27:08"
STEAM_0:0:3370,823692313477120001,Demonz,Demonz,Demonz,7,14,12679,211.32,3.52,0.0,0.0,1.52,0.0,1.75,0.25,0.0,0.0,0.0,436,377,48,56,95397,10042,15383,38,14,86,396,8.0,1434.57,5.429,1759714856,1781975662,"2025-10-06 01:40:56","2026-06-20 17:14:22"
STEAM_0:1:1419117,421761133259784192,TpM,TpM,wei,7,15,12627,210.45,3.51,0.0,0.0,0.76,0.25,1.75,0.75,0.0,0.0,0.0,620,425,41,26,115354,14621,6209,61,11,103,607,3.714,2088.71,8.714,1763756577,1777752798,"2025-11-21 20:22:57","2026-05-02 20:13:18"
STEAM_0:1:687110,227194779778154496,Lecs,Lecs,Lecoste,7,15,12593,209.88,3.5,0.0,0.0,0.25,0.25,1.75,0.0,0.0,0.0,1.25,392,425,78,63,85259,16368,9283,53,12,80,503,9.0,2338.29,7.571,1760216047,1767389517,"2025-10-11 20:54:07","2026-01-02 21:31:57"
STEAM_0:0:15461971,184467143520288768,davjs,davjs,lat,6,12,10886,181.43,3.02,0.0,0.0,1.25,0.0,1.5,0.28,0.0,0.0,0.0,439,347,59,22,90501,9317,14988,34,5,72,514,3.667,1552.83,5.667,1764911038,1765408254,"2025-12-05 05:03:58","2025-12-10 23:10:54"
STEAM_0:1:12606,86550798263156736,b0nes,b0nes,b0nes,6,12,10933,182.22,3.04,0.0,0.0,0.0,0.27,1.5,0.0,0.0,0.0,1.27,303,371,42,22,57835,8539,3521,48,0,41,357,3.667,1423.17,8.0,1762716481,1772400448,"2025-11-09 19:28:01","2026-03-01 21:27:28"
STEAM_0:1:209394029,342373273218187265,feyee,feyee,feyee,6,12,10901,181.68,3.03,0.0,0.0,0.5,0.25,1.53,0.5,0.0,0.0,0.25,519,398,38,20,94109,10048,5717,40,5,90,613,3.333,1674.67,6.667,1772403180,1773595155,"2026-03-01 22:13:00","2026-03-15 17:19:15"
STEAM_0:1:253742,300022534055788546,Wish|Retired,Wish|Retired,[Rasta]W!sh,6,12,10792,179.87,3.0,0.0,0.0,0.75,0.25,1.5,0.25,0.0,0.0,0.25,353,308,48,22,73708,10321,7311,41,8,60,406,3.667,1720.17,6.833,1761769140,1766178959,"2025-10-29 20:19:00","2025-12-19 21:15:59"
STEAM_0:1:59330,429032533586608139,wilco,wilco,wilco,6,12,10894,181.57,3.03,0.0,0.0,0.75,0.0,1.53,0.25,0.0,0.0,0.5,402,365,56,26,77915,6625,6629,25,2,46,443,4.333,1104.17,4.167,1760136298,1776727304,"2025-10-10 22:44:58","2026-04-20 23:21:44"
STEAM_0:0:40458353,258578012088303617,JoNhz4ir^,JoNhz4ir^,JoNhz4ir^,5,10,9119,151.98,2.53,0.0,0.0,0.0,0.0,1.28,0.25,0.0,0.0,1.0,256,282,34,27,49674,5658,3466,22,6,39,357,5.4,1131.6,4.4,1763346229,1776029908,"2025-11-17 02:23:49","2026-04-12 21:38:28"
STEAM_0:0:465736,272869050764492801,design/echoplant,design/echoplant,design,5,10,9016,150.27,2.5,0.0,0.0,0.5,0.0,1.26,0.0,0.0,0.0,0.75,200,280,35,42,41037,6837,7363,29,4,29,314,8.4,1367.4,5.8,1759031867,1778907400,"2025-09-28 03:57:47","2026-05-16 04:56:40"
STEAM_0:1:1439748,566457339192803328,KIMBEEZY,KIMBEEZY,KIMBEEZY,5,15,8204,136.73,2.28,0.0,0.01,0.14,0.28,1.04,0.0,0.0,0.0,0.8,446,510,46,170,78427,22049,36933,33,0,70,241,34.0,4409.8,6.6,1758942947,1775275231,"2025-09-27 03:15:47","2026-04-04 04:00:31"
STEAM_0:0:20306584,596225454721990676,botch,botch,unknown,4,6,3645,60.75,1.01,0.0,0.0,0.25,0.0,0.51,0.01,0.0,0.0,0.25,125,98,21,43,23888,4147,7652,15,1,25,144,10.75,1036.75,3.75,1760652758,1760748317,"2025-10-16 22:12:38","2025-10-18 00:45:17"
STEAM_0:1:1146053,405210062416642073,dankthetank,dankthetank,dank,4,11,7188,119.8,2.0,0.35,0.0,0.75,0.0,0.64,0.0,0.0,0.0,0.25,258,394,53,31,55049,7007,9650,32,14,85,589,7.75,1751.75,8.0,1763433993,1763448341,"2025-11-18 02:46:33","2025-11-18 06:45:41"
STEAM_0:1:2118211,900538854807842887,KL,KL,knockedlo0$e-FAAC,4,8,7270,121.17,2.02,0.0,0.0,1.0,0.0,1.02,0.0,0.0,0.0,0.0,144,231,48,21,34154,5649,12138,17,5,36,215,5.25,1412.25,4.25,1766362493,1776735904,"2025-12-22 00:14:53","2026-04-21 01:45:04"
STEAM_0:1:62821,712662788496949329,Stryder,Stryder,Stryder,4,14,6668,111.13,1.85,0.0,0.0,1.54,0.23,0.0,0.09,0.0,0.0,0.0,449,465,0,105,92587,25390,44654,0,3,52,0,26.25,6347.5,0.0,1759196248,1760323627,"2025-09-30 01:37:28","2025-10-13 02:47:07"
STEAM_0:1:704738244,,,Player,Player,4,12,4704,78.4,1.31,0.05,0.0,0.31,0.0,0.36,0.5,0.0,0.0,0.09,299,376,46,33,53114,7995,9757,26,9,114,682,8.25,1998.75,6.5,1766529141,1766541083,"2025-12-23 22:32:21","2025-12-24 01:51:23"
STEAM_0:1:730497,264291540715700234,nox3996,nox3996,noX,4,7,6296,104.93,1.75,0.0,0.0,0.0,0.75,0.75,0.25,0.0,0.0,0.0,255,206,24,23,44989,15228,3422,70,3,43,248,5.75,3807.0,17.5,1764917410,1780981753,"2025-12-05 06:50:10","2026-06-09 05:09:13"
STEAM_0:0:69474624,271105366916464642,Bipps,Bipps,bipps,3,6,5396,89.93,1.5,0.0,0.0,0.25,0.25,0.75,0.0,0.0,0.0,0.25,180,188,31,17,33059,7417,3566,28,5,37,209,5.667,2472.33,9.333,1782171499,1782697203,"2026-06-22 23:38:19","2026-06-29 01:40:03"
STEAM_0:1:2106477,698882767072657479,kynnell,kynnell,"kynnell fka. [-]accz/[-]accrede",3,7,5542,92.37,1.54,0.08,0.0,0.5,0.0,0.71,0.0,0.0,0.0,0.25,127,219,11,19,24709,3418,4258,17,5,28,297,6.333,1139.33,5.667,1771191259,1782855312,"2026-02-15 21:34:19","2026-06-30 21:35:12"
STEAM_0:1:545866563,711741741170163734,V01D0B0T_,V01D0B0T_,V01D0B0T_,3,8,4740,79.0,1.32,0.28,0.0,0.75,0.0,0.29,0.0,0.0,0.0,0.0,142,311,30,27,31095,4196,9553,22,15,94,515,9.0,1398.67,7.333,1774494885,1775353213,"2026-03-26 03:14:45","2026-04-05 01:40:13"
STEAM_0:1:828009120,645389308240461844,seve,seve,seve,3,6,3730,62.17,1.04,0.0,0.0,0.5,0.0,0.53,0.0,0.0,0.0,0.0,81,143,13,14,18765,2162,5498,5,1,14,92,4.667,720.67,1.667,1771642945,1771648369,"2026-02-21 03:02:25","2026-02-21 04:32:49"
STEAM_0:1:83484,196045195714887681,georgie,georgie,george,3,7,3620,60.33,1.01,0.01,0.0,0.02,0.48,0.5,0.0,0.0,0.0,0.0,178,162,14,20,28573,10522,3260,43,3,35,212,6.667,3507.33,14.333,1760133300,1777755451,"2025-10-10 21:55:00","2026-05-02 20:57:31"
STEAM_0:0:12172,312300674782330880,7DerKaiser,7DerKaiser,"Der Kaiser.es",2,4,3597,59.95,1.0,0.0,0.0,0.0,0.25,0.5,0.25,0.0,0.0,0.0,151,115,14,11,25956,4191,1320,12,2,30,145,5.5,2095.5,6.0,1762450028,1762469859,"2025-11-06 17:27:08","2025-11-06 22:57:39"
STEAM_0:0:1312671,307585480877408256,Rkx,Rkx,nirvaa,2,6,3463,57.72,0.96,0.02,0.0,0.5,0.0,0.44,0.0,0.0,0.0,0.0,131,175,18,18,28475,5314,4899,21,8,30,302,9.0,2657.0,10.5,1776113629,1776200149,"2026-04-13 20:53:49","2026-04-14 20:55:49"
STEAM_0:0:5116345,683598755593060376,CyKoDad,CyKoDad,"OST-CyKo Dad",2,9,1817,30.28,0.5,0.0,0.0,0.0,0.3,0.0,0.0,0.0,0.21,0.0,147,246,0,30,23152,10825,1396,0,0,22,0,15.0,5412.5,0.0,1760320645,1760323627,"2025-10-13 01:57:25","2025-10-13 02:47:07"
STEAM_0:0:9111892,425733913303056426,max,max,ds,2,6,3598,59.97,1.0,0.02,0.0,0.25,0.0,0.48,0.25,0.0,0.0,0.0,224,180,16,15,41389,4017,3467,18,6,56,362,7.5,2008.5,9.0,1769980529,1783110819,"2026-02-01 21:15:29","2026-07-03 20:33:39"
STEAM_0:1:1889956,128235652348116992,Relic,Relic,relic,2,4,3598,59.97,1.0,0.0,0.0,0.25,0.0,0.5,0.0,0.0,0.0,0.25,98,130,13,16,23748,3750,4501,5,2,17,134,8.0,1875.0,2.5,1764375488,1780701307,"2025-11-29 00:18:08","2026-06-05 23:15:07"
STEAM_0:1:4564658,300445100515917824,Koron,Koron,Koron,2,4,3600,60.0,1.0,0.0,0.0,0.25,0.0,0.5,0.0,0.0,0.0,0.25,92,139,18,21,19413,4773,4095,12,1,20,144,10.5,2386.5,6.0,1775021614,1775024437,"2026-04-01 05:33:34","2026-04-01 06:20:37"
STEAM_0:1:512155470,1000206528491569324,Lowla,Lowla,"Lowla! (she/her)",2,4,3598,59.97,1.0,0.0,0.0,0.25,0.0,0.5,0.25,0.0,0.0,0.0,72,81,28,14,15861,3077,3577,8,2,5,101,7.0,1538.5,4.0,1781929805,1781969198,"2026-06-20 04:30:05","2026-06-20 15:26:38"
STEAM_0:1:68887,185453694865637376,Marcus,Marcus,M.se,2,3,2697,44.95,0.75,0.0,0.0,0.25,0.0,0.25,0.25,0.0,0.0,0.0,85,45,7,5,16663,1065,290,3,1,5,39,2.5,532.5,1.5,1774910463,1775346472,"2026-03-30 22:41:03","2026-04-04 23:47:52"
STEAM_0:1:927418461,,,"Trump &#x3D; Pedophile","Trump &#x3D; Pedophile",2,2,37,0.62,0.01,0.0,0.0,0.0,0.01,0.0,0.0,0.0,0.0,0.0,0,1,0,0,0,74,0,0,0,0,0,0.0,37.0,0.0,1776136069,1777959517,"2026-04-14 03:07:49","2026-05-05 05:38:37"
STEAM_0:0:149701307,354059345379721247,prm,prm,P,1,2,1800,30.0,0.5,0.0,0.0,0.0,0.0,0.25,0.0,0.0,0.0,0.25,37,53,13,1,6578,1234,282,2,0,4,42,1.0,1234.0,2.0,1759530225,1759530225,"2025-10-03 22:23:45","2025-10-03 22:23:45"
STEAM_0:0:182566121,715070640557654018,cptchris,cptchris,"[$oloFemale]Chode Roulette",1,5,1473,24.55,0.41,0.0,0.0,0.25,0.0,0.16,0.0,0.0,0.0,0.0,142,148,0,76,26581,7562,8841,0,0,15,4,76.0,7562.0,0.0,1762360779,1762360779,"2025-11-05 16:39:39","2025-11-05 16:39:39"
STEAM_0:0:210477557,,,Javieo,Javieo,1,3,224,3.73,0.06,0.02,0.0,0.0,0.0,0.0,0.0,0.0,0.02,0.02,0,0,3,0,0,0,0,0,0,0,0,0.0,0.0,0.0,1767677407,1767677407,"2026-01-06 05:30:07","2026-01-06 05:30:07"
STEAM_0:0:3610613,90535428821622784,NeonLight,NeonLight,"neonlight hebywepansmam",1,1,166,2.77,0.05,0.0,0.0,0.0,0.0,0.05,0.0,0.0,0.0,0.0,6,6,0,0,755,135,20,0,1,4,15,0.0,135.0,0.0,1765931165,1765931165,"2025-12-17 00:26:05","2025-12-17 00:26:05"
STEAM_0:0:41457340,,,DarthMan,DarthMan,1,1,35,0.58,0.01,0.0,0.0,0.0,0.0,0.01,0.0,0.0,0.0,0.0,0,0,0,0,0,0,0,0,0,0,0,0.0,0.0,0.0,1782671877,1782671877,"2026-06-28 18:37:57","2026-06-28 18:37:57"
STEAM_0:0:4649312,,,johnbest,johnbest,1,1,673,11.22,0.19,0.0,0.0,0.0,0.0,0.0,0.0,0.0,0.0,0.19,32,16,8,0,5555,817,205,1,0,0,0,0.0,817.0,1.0,1763243157,1763243157,"2025-11-15 21:45:57","2025-11-15 21:45:57"
STEAM_0:0:605320630,,,Player,Player,1,2,615,10.25,0.17,0.06,0.0,0.0,0.0,0.11,0.0,0.0,0.0,0.0,24,66,4,0,5746,1160,116,8,0,0,108,0.0,1160.0,8.0,1774220515,1774220515,"2026-03-22 23:01:55","2026-03-22 23:01:55"
STEAM_0:0:7186597,,,Rusty,Rusty,1,1,898,14.97,0.25,0.25,0.0,0.0,0.0,0.0,0.0,0.0,0.0,0.0,0,0,0,0,0,0,0,0,0,0,0,0.0,0.0,0.0,1780632298,1780632298,"2026-06-05 04:04:58","2026-06-05 04:04:58"
STEAM_0:0:791437,,,"jungle pussy","jungle pussy",1,2,1794,29.9,0.5,0.0,0.0,0.0,0.0,0.25,0.0,0.0,0.0,0.25,42,61,9,5,7755,1663,338,5,2,10,72,5.0,1663.0,5.0,1767379981,1767379981,"2026-01-02 18:53:01","2026-01-02 18:53:01"
STEAM_0:0:849627,683484341283848386,Suicide_Kid,Suicide_Kid,OST-Suicide_Kid,1,4,503,8.38,0.14,0.0,0.0,0.08,0.0,0.0,0.0,0.0,0.0,0.06,90,124,0,58,15756,7366,16458,0,0,20,0,58.0,7366.0,0.0,1760320645,1760320645,"2025-10-13 01:57:25","2025-10-13 01:57:25"
STEAM_0:0:8863191,468145349144477696,d0pe,d0pe,d0pest,1,2,1798,29.97,0.5,0.0,0.0,0.0,0.0,0.25,0.0,0.0,0.0,0.25,53,64,7,6,9592,1776,518,6,0,11,79,6.0,1776.0,6.0,1781289643,1781289643,"2026-06-12 18:40:43","2026-06-12 18:40:43"
STEAM_0:1:126476526,,,[BAD]Unzy,[BAD]Unzy,1,1,6,0.1,0.0,0.0,0.0,0.0,0.0,0.0,0.0,0.0,0.0,0.0,0,0,0,0,0,0,0,0,0,0,0,0.0,0.0,0.0,1760418419,1760418419,"2025-10-14 05:06:59","2025-10-14 05:06:59"
STEAM_0:1:16913903,,,PlayeR,PlayeR,1,1,12,0.2,0.0,0.0,0.0,0.0,0.0,0.0,0.0,0.0,0.0,0.0,0,0,0,0,0,0,0,0,0,0,0,0.0,0.0,0.0,1767672617,1767672617,"2026-01-06 04:10:17","2026-01-06 04:10:17"
STEAM_0:1:186214199,599485936979542017,ontheborderline,ontheborderline,ontheborderline,1,2,1796,29.93,0.5,0.0,0.0,0.0,0.0,0.25,0.0,0.0,0.0,0.25,61,68,9,2,11010,2549,382,15,0,13,30,2.0,2549.0,15.0,1766966864,1766966864,"2025-12-29 00:07:44","2025-12-29 00:07:44"
STEAM_0:1:196342055,384835109246992404,yaguarete,yaguarete,yaguarete,1,2,1798,29.97,0.5,0.0,0.0,0.0,0.0,0.25,0.0,0.0,0.0,0.25,58,52,7,9,12122,754,680,4,0,2,47,9.0,754.0,4.0,1772591543,1772591543,"2026-03-04 02:32:23","2026-03-04 02:32:23"
STEAM_0:1:374021450,,,omni,omni,1,2,1800,30.0,0.5,0.0,0.0,0.25,0.0,0.25,0.0,0.0,0.0,0.0,44,47,3,5,12076,876,1969,4,0,6,46,5.0,876.0,4.0,1781296751,1781296751,"2026-06-12 20:39:11","2026-06-12 20:39:11"
STEAM_0:1:391684823,,,dementia,dementia,1,1,30,0.5,0.01,0.0,0.0,0.0,0.01,0.0,0.0,0.0,0.0,0.0,0,0,0,0,0,0,0,0,0,0,0,0.0,0.0,0.0,1771095578,1771095578,"2026-02-14 18:59:38","2026-02-14 18:59:38"
STEAM_0:1:541382135,941067383433486416,"evil burger","evil burger","evil burger",1,2,1800,30.0,0.5,0.0,0.0,0.0,0.0,0.25,0.0,0.0,0.0,0.25,22,39,10,5,5699,796,827,3,0,2,38,5.0,796.0,3.0,1762459278,1762459278,"2025-11-06 20:01:18","2025-11-06 20:01:18"
STEAM_0:1:600201012,1008919943275880500,military_snake,military_snake,"Military Snake",1,2,1800,30.0,0.5,0.0,0.0,0.25,0.0,0.25,0.0,0.0,0.0,0.0,11,46,3,9,3906,655,749,0,0,1,6,9.0,655.0,0.0,1780184351,1780184351,"2026-05-30 23:39:11","2026-05-30 23:39:11"
STEAM_0:1:758375,154096033041743873,r0flz,r0flz,r0flz&#x60;,1,2,1800,30.0,0.5,0.0,0.0,0.25,0.0,0.25,0.0,0.0,0.0,0.0,66,76,15,17,11999,2713,5449,12,2,20,124,17.0,2713.0,12.0,1773906842,1773906842,"2026-03-19 07:54:02","2026-03-19 07:54:02"
STEAM_0:1:881780002,,,twitch.tv/gamewatchparty,twitch.tv/gamewatchparty,1,1,17,0.28,0.0,0.0,0.0,0.0,0.0,0.0,0.0,0.0,0.0,0.0,0,0,0,0,0,0,0,0,0,0,0,0.0,0.0,0.0,1780445948,1780445948,"2026-06-03 00:19:08","2026-06-03 00:19:08"
STEAM_0:1:928287,,,"rQ.Purple Goose","rQ.Purple Goose",1,2,1897,31.62,0.53,0.0,0.0,0.53,0.0,0.0,0.0,0.0,0.0,0.0,61,50,0,4,11831,2895,6725,0,1,8,0,4.0,2895.0,0.0,1782193624,1782193624,"2026-06-23 05:47:04","2026-06-23 05:47:04"
