steam_id,discord_id,discord_name,display_name,game_name,soldier_matches,soldier_rounds,soldier_seconds,soldier_minutes,soldier_hours,suicides_as_soldier,team_damage_as_soldier,team_kills_as_soldier,enemy_damage_as_soldier,self_damage_as_soldier,suicides_per_match,team_damage_per_match,team_kills_per_match,first_match_ts,last_match_ts,first_match_date,last_match_date
STEAM_0:0:215536322,742572718095859793,killu,killu,vatos-locos4life,529,536,462161,7702.68,128.38,2546,749775,2788,3749137,1946478,4.813,1417.34,5.27,1758959529,1783197191,"2025-09-27 07:52:09","2026-07-04 20:33:11"
STEAM_0:0:18619424,468578577537826831,rufi0,rufi0,"|c4| rufi0",402,421,355402,5923.37,98.72,3786,731616,2585,3634752,2243879,9.418,1819.94,6.43,1758766872,1783044091,"2025-09-25 02:21:12","2026-07-03 02:01:31"
STEAM_0:1:1058823,183763294996135936,spek,spek,"spek ＃freebuck",296,315,262960,4382.67,73.04,1852,391304,1276,2466308,751938,6.257,1321.97,4.311,1759026660,1783044091,"2025-09-28 02:31:00","2026-07-03 02:01:31"
STEAM_0:0:22020435,705975829410217996,"KuKu Bird","KuKu Bird","little freakl3",285,302,239343,3989.05,66.48,2178,394354,1283,2497673,986196,7.642,1383.7,4.502,1758599141,1782189609,"2025-09-23 03:45:41","2026-06-23 04:40:09"
STEAM_0:1:8914480,126107614240178176,Carbon,Carbon,"rQ. TFC FUGUTIVE",275,282,242948,4049.13,67.49,1794,320942,1109,2107837,982225,6.524,1167.06,4.033,1758599141,1783200109,"2025-09-23 03:45:41","2026-07-04 21:21:49"
STEAM_0:1:113066980,451243270065094677,HanzzYolo,HanzzYolo,|-|4Nzz7010,268,275,225597,3759.95,62.67,1851,261991,966,2003787,1006401,6.907,977.58,3.604,1759191171,1782961316,"2025-09-30 00:12:51","2026-07-02 03:01:56"
STEAM_0:0:661896,1291623909950754817,Moreno,Moreno,rQ.Moreno,233,239,183578,3059.63,50.99,1585,306322,1105,1933537,781373,6.803,1314.69,4.742,1758599141,1783044091,"2025-09-23 03:45:41","2026-07-03 02:01:31"
STEAM_0:1:160553225,384845530712506368,Emilio!.ar,Emilio!.ar,"venny . sucks my balls !!!",228,232,188439,3140.65,52.34,987,328924,1148,1475868,719829,4.329,1442.65,5.035,1759459542,1783110819,"2025-10-03 02:45:42","2026-07-03 20:33:39"
STEAM_0:1:11788346,699893964974587995,kix,kix,kix,202,206,179256,2987.6,49.79,1875,288950,1137,1684087,957944,9.282,1430.45,5.629,1759278328,1783200109,"2025-10-01 00:25:28","2026-07-04 21:21:49"
STEAM_0:0:7896233,760246454357983252,smile,smile,{GTO}Nomad,177,184,118236,1970.6,32.84,1050,261219,922,1479936,468886,5.932,1475.81,5.209,1759191171,1780694359,"2025-09-30 00:12:51","2026-06-05 21:19:19"
STEAM_0:1:19081858,248225768683995136,curtwild,curtwild,CurtWild.es,175,175,155873,2597.88,43.3,1128,270106,1130,1540926,505399,6.446,1543.46,6.457,1760023097,1782352316,"2025-10-09 15:18:17","2026-06-25 01:51:56"
STEAM_0:1:57115,339782214562873344,KOOL-AiD,KOOL-AiD,"hello? catgif incel pls",175,175,150587,2509.78,41.83,1354,267467,1121,1559024,534860,7.737,1528.38,6.406,1759275511,1783128818,"2025-09-30 23:38:31","2026-07-04 01:33:38"
STEAM_0:1:700333,914321613862875176,karms,karms,{USA}kman,172,173,147943,2465.72,41.1,1183,262730,1014,1483506,645693,6.878,1527.5,5.895,1767757737,1781739801,"2026-01-07 03:48:57","2026-06-17 23:43:21"
STEAM_0:0:84622,308791843057958912,MightyMouse,MightyMouse,MightyMouse-bbL,160,161,138389,2306.48,38.44,757,245990,1015,1648030,400214,4.731,1537.44,6.344,1759798655,1783197191,"2025-10-07 00:57:35","2026-07-04 20:33:11"
STEAM_0:1:224817525,389593841390583809,enrique,enrique,tittywho,159,160,111506,1858.43,30.97,1334,280040,1138,1291440,786085,8.39,1761.26,7.157,1766689301,1782699568,"2025-12-25 19:01:41","2026-06-29 02:19:28"
STEAM_0:1:8490,186263176206090240,Dospac,Dospac,theycallme-k,145,146,128923,2148.72,35.81,1091,202937,793,1098431,547434,7.524,1399.57,5.469,1761353690,1783015084,"2025-10-25 00:54:50","2026-07-02 17:58:04"
STEAM_0:0:36944510,185013986557820928,SERuM,SERuM,"stiLL ＃ SERuM",138,139,116511,1941.85,32.36,520,157874,543,877838,307755,3.768,1144.01,3.935,1759191171,1783200109,"2025-09-30 00:12:51","2026-07-04 21:21:49"
STEAM_0:0:12161876,1096314509565640724,Ghosty,Ghosty,"％i get slayed",135,139,109897,1831.62,30.53,1147,187916,709,942482,483395,8.496,1391.97,5.252,1764546927,1782967968,"2025-11-30 23:55:27","2026-07-02 04:52:48"
STEAM_0:0:174273074,323555053363265536,craig,craig,"wtf however",133,137,115411,1923.52,32.06,850,169786,617,1173779,447182,6.391,1276.59,4.639,1758949997,1783033146,"2025-09-27 05:13:17","2026-07-02 22:59:06"
STEAM_0:1:10811291,241378469454413834,Death,Death,oK,131,140,121366,2022.77,33.71,912,193480,645,1201786,426625,6.962,1476.95,4.924,1758599141,1762587025,"2025-09-23 03:45:41","2025-11-08 07:30:25"
STEAM_0:1:1037349,196477372315336710,dirk,dirk,"＃FREEBIRD",120,122,107864,1797.73,29.96,875,182928,692,1112083,444652,7.292,1524.4,5.767,1759288980,1782961316,"2025-10-01 03:23:00","2026-07-02 03:01:56"
STEAM_0:0:426568628,305373873409622017,fatal,fatal,"i have better than luck",116,124,95171,1586.18,26.44,976,210296,682,1142495,496415,8.414,1812.9,5.879,1759798655,1783114375,"2025-10-07 00:57:35","2026-07-03 21:32:55"
STEAM_0:1:17947198,1433938536117178494,plin/braco,plin/braco,welos,116,119,101535,1692.25,28.2,836,212572,751,833678,385817,7.207,1832.52,6.474,1759185746,1782013254,"2025-09-29 22:42:26","2026-06-21 03:40:54"
STEAM_0:0:26813481,311769927432404994,Nemsy,Nemsy,"{][ NEMSY ][}",115,118,75416,1256.93,20.95,687,188890,704,917313,367548,5.974,1642.52,6.122,1759775978,1782967968,"2025-10-06 18:39:38","2026-07-02 04:52:48"
STEAM_0:0:284679,213100200028405760,chefmou7h^,chefmou7h^,hef,115,120,89650,1494.17,24.9,1098,204373,740,771752,533315,9.548,1777.16,6.435,1760931049,1771556847,"2025-10-20 03:30:49","2026-02-20 03:07:27"
STEAM_0:0:1648744,404362334988140554,omeN,omeN,omeN,114,117,100688,1678.13,27.97,1114,202842,703,920010,585995,9.772,1779.32,6.167,1759031867,1782964028,"2025-09-28 03:57:47","2026-07-02 03:47:08"
STEAM_0:0:855795148,1248008548625944659,ari,ari,zilbO,113,113,97119,1618.65,26.98,532,162423,655,907020,294047,4.708,1437.37,5.796,1759532989,1782855312,"2025-10-03 23:09:49","2026-06-30 21:35:12"
STEAM_0:1:1691576,314601291403886599,Yosh,Yosh,wheatus,112,112,87776,1462.93,24.38,694,155699,617,913717,337878,6.196,1390.17,5.509,1759034176,1782961316,"2025-09-28 04:36:16","2026-07-02 03:01:56"
STEAM_0:0:243368586,929631116044955648,KingOfPests,KingOfPests,rQ.K.o.p.iA,103,109,91189,1519.82,25.33,475,134104,427,744186,306697,4.612,1301.98,4.146,1758599141,1781067026,"2025-09-23 03:45:41","2026-06-10 04:50:26"
STEAM_0:0:90069,700890663385956393,wheaties,wheaties,rufi0,99,99,88575,1476.25,24.6,851,139076,595,903506,378051,8.596,1404.81,6.01,1760481325,1783128818,"2025-10-14 22:35:25","2026-07-04 01:33:38"
STEAM_0:1:59994,696155341951598649,"asie slater","asie slater",tiredrazor,99,104,92131,1535.52,25.59,594,133844,458,647823,277468,6.0,1351.96,4.626,1759020330,1782779979,"2025-09-28 00:45:30","2026-06-30 00:39:39"
STEAM_0:1:104939,797227925162033202,Naz,Naz,"etfc|. N a z",95,95,85232,1420.53,23.68,484,136402,549,748602,298850,5.095,1435.81,5.779,1759532989,1783124105,"2025-10-03 23:09:49","2026-07-04 00:15:05"
STEAM_0:1:1752496,291754504158838784,AuthenticNY,AuthenticNY,"AUTHENTIC [220]",85,87,46956,782.6,13.04,515,193700,733,740042,231225,6.059,2278.82,8.624,1759114506,1782531795,"2025-09-29 02:55:06","2026-06-27 03:43:15"
STEAM_0:1:45567960,737481545216163891,dullrazor,dullrazor,"|c4| dullrazor",76,100,81070,1351.17,22.52,786,107419,146,477166,401257,10.342,1413.41,1.921,1758599141,1781473903,"2025-09-23 03:45:41","2026-06-14 21:51:43"
STEAM_0:0:144175,1366425812458274888,Jagz,Jagz,"lil jagg3r",68,68,59062,984.37,16.41,357,90063,353,485935,217647,5.25,1324.46,5.191,1759773483,1783126439,"2025-10-06 17:58:03","2026-07-04 00:53:59"
STEAM_0:0:6409859,346077781819654144,NOOKIE,NOOKIE,NOOKIE,64,70,61649,1027.48,17.12,423,82403,227,464643,212631,6.609,1287.55,3.547,1758953282,1783044091,"2025-09-27 06:08:02","2026-07-03 02:01:31"
STEAM_0:1:68678,429379328053346314,dexterity,dexterity,walnut,62,62,55953,932.55,15.54,468,83731,346,466086,227141,7.548,1350.5,5.581,1759961486,1782951508,"2025-10-08 22:11:26","2026-07-02 00:18:28"
STEAM_0:1:3613037,270636499190546432,CheeseFromTFC,CheeseFromTFC,k,61,61,53183,886.38,14.77,556,120452,449,515296,331928,9.115,1974.62,7.361,1763361179,1782951508,"2025-11-17 06:32:59","2026-07-02 00:18:28"
STEAM_0:0:26635064,310929767673102337,DIVISION_WaGoNWh33L,DIVISION_WaGoNWh33L,{GTO}WaGGleS,60,60,38019,633.65,10.56,281,90088,330,362796,136787,4.683,1501.47,5.5,1759532989,1781134653,"2025-10-03 23:09:49","2026-06-10 23:37:33"
STEAM_0:1:54513044,717554114300739675,jas0n5477,jas0n5477,theycallme-jason,55,56,42397,706.62,11.78,349,71206,243,331518,166806,6.345,1294.65,4.418,1759721010,1782433850,"2025-10-06 03:23:30","2026-06-26 00:30:50"
STEAM_0:1:7258560,562854514860752897,SLICK,SLICK,[220]SLICK,53,61,40368,672.8,11.21,515,99432,289,417302,236202,9.717,1876.08,5.453,1758599141,1781585858,"2025-09-23 03:45:41","2026-06-16 04:57:38"
STEAM_0:0:116972,396870697915252746,RedAlert,RedAlert,RedAlert,52,53,46368,772.8,12.88,323,71768,245,404731,169364,6.212,1380.15,4.712,1758942947,1782777523,"2025-09-27 03:15:47","2026-06-29 23:58:43"
STEAM_0:1:3092385,726909571926458468,pip,pip,"pip vi-vii",47,47,42380,706.33,11.77,303,58463,256,293820,177906,6.447,1243.89,5.447,1766098201,1771376462,"2025-12-18 22:50:01","2026-02-18 01:01:02"
STEAM_0:1:77878,187746926425276416,exr8ed-VD,exr8ed-VD,exr8ed-VD,47,48,42388,706.47,11.77,253,55796,209,299158,97997,5.383,1187.15,4.447,1780637783,1783015084,"2026-06-05 05:36:23","2026-07-02 17:58:04"
STEAM_0:0:125453,193225438355652608,"the Paper","the Paper","the Paper",46,59,31441,524.02,8.73,392,67618,130,348949,119598,8.522,1469.96,2.826,1758599141,1782186969,"2025-09-23 03:45:41","2026-06-23 03:56:09"
STEAM_0:1:5107,356923411567738881,Nomad,Nomad,{GTO}Nomad,44,49,34859,580.98,9.68,308,56027,157,323020,138438,7.0,1273.34,3.568,1758956059,1782765442,"2025-09-27 06:54:19","2026-06-29 20:37:22"
STEAM_0:1:5622,303845825476558859,dougtck,dougtck,Doug[65+],44,45,39154,652.57,10.88,301,73854,299,365053,156088,6.841,1678.5,6.795,1758956059,1782949184,"2025-09-27 06:54:19","2026-07-01 23:39:44"
STEAM_0:0:11458044,305373873409622017,fatal,fatal,fuTAHL,43,44,34698,578.3,9.64,332,79457,287,413030,176579,7.721,1847.84,6.674,1759188757,1779755645,"2025-09-29 23:32:37","2026-05-26 00:34:05"
STEAM_0:0:645065,207485939050741760,Force,Force,"|FoE| w0maniz3r-TPF-",42,42,34654,577.57,9.63,274,71436,288,299673,126268,6.524,1700.86,6.857,1760665703,1783036142,"2025-10-17 01:48:23","2026-07-02 23:49:02"
STEAM_0:1:476754,718663195077640233,m3d^,m3d^,m3d^,42,46,39813,663.55,11.06,251,64351,190,385179,132039,5.976,1532.17,4.524,1761523110,1781581218,"2025-10-26 23:58:30","2026-06-16 03:40:18"
STEAM_0:1:512678151,704204162958753892,Sandro7(oh)2,Sandro7(oh)2,sandro,42,43,37243,620.72,10.35,312,51897,185,273307,143864,7.429,1235.64,4.405,1759278328,1783124105,"2025-10-01 00:25:28","2026-07-04 00:15:05"
STEAM_0:1:8415345,281609806702313472,blitz,blitz,chad,41,41,35542,592.37,9.87,336,60723,250,356084,155229,8.195,1481.05,6.098,1760126358,1780687199,"2025-10-10 19:59:18","2026-06-05 19:19:59"
STEAM_0:0:412602,115853001608003590,hero,hero,hero,37,37,33383,556.38,9.27,207,61067,223,340073,138409,5.595,1650.46,6.027,1759551533,1781983688,"2025-10-04 04:18:53","2026-06-20 19:28:08"
STEAM_0:0:98260,255834576742645761,Ricky,Ricky,"ricky -bbL",36,41,28757,479.28,7.99,237,55740,180,306058,118643,6.583,1548.33,5.0,1759721010,1783044091,"2025-10-06 03:23:30","2026-07-03 02:01:31"
STEAM_0:1:10843944,705978478050410597,MCoZ,MCoZ,unknown,34,36,32687,544.78,9.08,256,50775,179,244628,138705,7.529,1493.38,5.265,1759119846,1782514062,"2025-09-29 04:24:06","2026-06-26 22:47:42"
STEAM_0:1:131282,1500666638410973227,moclight,moclight,light,34,34,26328,438.8,7.31,171,30496,107,216923,92093,5.029,896.94,3.147,1759365615,1782680524,"2025-10-02 00:40:15","2026-06-28 21:02:04"
STEAM_0:1:55680,244134817921368075,BadLuck,BadLuck,|2k1|i-have-worse-thin-bad-luck,34,34,29545,492.42,8.21,196,43461,189,281045,119896,5.765,1278.26,5.559,1759875618,1782671877,"2025-10-07 22:20:18","2026-06-28 18:37:57"
STEAM_0:0:1081976,380383512391319563,Atrocity187,Atrocity187,lh,33,33,27582,459.7,7.66,211,41313,150,243897,105378,6.394,1251.91,4.545,1759365615,1775705208,"2025-10-02 00:40:15","2026-04-09 03:26:48"
STEAM_0:1:3810501,544041066966548510,cigs,cigs,Cigs,32,32,27670,461.17,7.69,172,35952,139,192974,95421,5.375,1123.5,4.344,1759026660,1777686586,"2025-09-28 02:31:00","2026-05-02 01:49:46"
STEAM_0:1:86025,219420386612215808,grens,grens,grens,32,32,29070,484.5,8.08,147,37421,147,278337,85304,4.594,1169.41,4.594,1760381633,1782521136,"2025-10-13 18:53:53","2026-06-27 00:45:36"
STEAM_0:1:5382099,184467143520288768,davjs,davjs,lat,31,31,28244,470.73,7.85,92,23721,97,285899,63561,2.968,765.19,3.129,1759559333,1782428311,"2025-10-04 06:28:53","2026-06-25 22:58:31"
STEAM_0:0:25104040,276840187768864768,nano.ar,nano.ar,o.o7,30,30,21939,365.65,6.09,81,27759,95,155818,45729,2.7,925.3,3.167,1763364075,1767591151,"2025-11-17 07:21:15","2026-01-05 05:32:31"
STEAM_0:0:52048434,328667023863447552,Danimal,Danimal,Danimal,29,29,23796,396.6,6.61,156,34990,153,220128,62961,5.379,1206.55,5.276,1761445433,1782697203,"2025-10-26 02:23:53","2026-06-29 01:40:03"
STEAM_0:1:104399409,632763785446424577,coca,coca,trasscoca,29,30,22191,369.85,6.16,161,42178,140,185760,76805,5.552,1454.41,4.828,1759546219,1782695010,"2025-10-04 02:50:19","2026-06-29 01:03:30"
STEAM_0:1:39412,227973380391960578,myth8946,myth8946,myth,29,29,25640,427.33,7.12,239,52079,202,232088,108202,8.241,1795.83,6.966,1760291632,1781473903,"2025-10-12 17:53:52","2026-06-14 21:51:43"
STEAM_0:0:1743604,407023338905665546,dy,dy,twitch.tv/dyybr,24,25,20940,349.0,5.82,115,34855,149,160751,65119,4.792,1452.29,6.208,1764462026,1780102666,"2025-11-30 00:20:26","2026-05-30 00:57:46"
STEAM_0:0:66094767,335612745540173834,folk,folk,"positive mental attitude",21,22,18371,306.18,5.1,69,25931,75,143755,28049,3.286,1234.81,3.571,1764476991,1772488301,"2025-11-30 04:29:51","2026-03-02 21:51:41"
STEAM_0:0:6592058,121070392247975936,muerto,muerto,worstpick,19,21,18997,316.62,5.28,115,29142,88,134776,60505,6.053,1533.79,4.632,1758959529,1776567678,"2025-09-27 07:52:09","2026-04-19 03:01:18"
STEAM_0:1:212615736,589649579860033575,Buck,Buck,wave,19,19,14666,244.43,4.07,128,20270,98,120105,60362,6.737,1066.84,5.158,1759530225,1782193624,"2025-10-03 22:23:45","2026-06-23 05:47:04"
STEAM_0:0:108427761,183349288649228288,Hewber,Hewber,"I'm crankin so hard rn",17,19,14668,244.47,4.07,101,22174,61,127294,48737,5.941,1304.35,3.588,1760658088,1781655472,"2025-10-16 23:41:28","2026-06-17 00:17:52"
STEAM_0:0:523424565,366404882217041920,Hydraysh,Hydraysh,"Princess Peach",17,17,13536,225.6,3.76,170,27935,114,123680,70964,10.0,1643.24,6.706,1762397652,1772240392,"2025-11-06 02:54:12","2026-02-28 00:59:52"
STEAM_0:0:1694446,178336430798536704,"durden duvet","durden duvet","durdne absolutely blasted drunk",16,16,13058,217.63,3.63,75,20967,83,144167,56440,4.688,1310.44,5.188,1762580860,1782347697,"2025-11-08 05:47:40","2026-06-25 00:34:57"
STEAM_0:0:455990175,850572734429921300,kacchan,kacchan,kacchan,16,16,14474,241.23,4.02,93,27752,117,119830,65748,5.813,1734.5,7.313,1768792078,1780965307,"2026-01-19 03:07:58","2026-06-09 00:35:07"
STEAM_0:1:16295419,401076973620953098,arenzi,arenzi,default,16,16,14007,233.45,3.89,70,26046,101,123103,48623,4.375,1627.88,6.313,1766184760,1782777523,"2025-12-19 22:52:40","2026-06-29 23:58:43"
STEAM_0:1:546433,213898688924221440,auto!dead,auto!dead,"auto! dead",16,17,11872,197.87,3.3,97,24418,78,121770,35197,6.063,1526.13,4.875,1761857813,1772483213,"2025-10-30 20:56:53","2026-03-02 20:26:53"
STEAM_0:0:1452755,534527174854574081,Bambaz,Bambaz,manu,15,15,13495,224.92,3.75,104,24504,101,123771,59310,6.933,1633.6,6.733,1759188757,1781473903,"2025-09-29 23:32:37","2026-06-14 21:51:43"
STEAM_0:0:548471924,354024277596569601,JesseDesu,JesseDesu,"Lisa Loeb",12,15,6306,105.1,1.75,79,9739,12,65183,27623,6.583,811.58,1.0,1760931049,1779848880,"2025-10-20 03:30:49","2026-05-27 02:28:00"
STEAM_0:0:76483,151144734579097601,EDEdDNEdDYFaN,EDEdDNEdDYFaN,"|BC| EDEdDNEdDYFaN",12,12,9684,161.4,2.69,54,20599,84,103046,34357,4.5,1716.58,7.0,1773257266,1783024406,"2026-03-11 19:27:46","2026-07-02 20:33:26"
STEAM_0:0:1260882,196499758867546113,Erb,Erb,pacquiao,11,11,9370,156.17,2.6,90,16764,75,69288,33232,8.182,1524.0,6.818,1762553686,1781909357,"2025-11-07 22:14:46","2026-06-19 22:49:17"
STEAM_0:0:67054,498840100441161729,sincie,sincie,sylph,11,13,9337,155.62,2.59,117,15763,24,65255,48132,10.636,1433.0,2.182,1759453535,1780965307,"2025-10-03 01:05:35","2026-06-09 00:35:07"
STEAM_0:1:3569972,1308534540440178720,MajorPain,MajorPain,MaJoR,11,11,9891,164.85,2.75,55,14646,50,74350,29285,5.0,1331.45,4.545,1760291632,1782677011,"2025-10-12 17:53:52","2026-06-28 20:03:31"
STEAM_0:0:4621670,159556725647605761,Odi,Odi,Odi,9,9,7512,125.2,2.09,45,10083,36,55360,22016,5.0,1120.33,4.0,1776996579,1780883238,"2026-04-24 02:09:39","2026-06-08 01:47:18"
STEAM_0:1:125175,241705829336743939,Blx,Blx,Blx^,9,9,8098,134.97,2.25,51,10397,26,75234,26085,5.667,1155.22,2.889,1772491718,1779402305,"2026-03-02 22:48:38","2026-05-21 22:25:05"
STEAM_0:1:587738781,194276343540613121,climax,climax,"razor thin climax",9,10,7549,125.82,2.1,81,18212,45,73661,40480,9.0,2023.56,5.0,1761369808,1764655581,"2025-10-25 05:23:28","2025-12-02 06:06:21"
STEAM_0:0:24983167,709312701913890867,Ivan,Ivan,"hellost? Ivan",8,8,7196,119.93,2.0,47,8975,39,52030,25314,5.875,1121.88,4.875,1759020330,1772245140,"2025-09-28 00:45:30","2026-02-28 02:19:00"
STEAM_0:0:92298,207950155415158785,Kappa,Kappa,Kappa-,8,8,6533,108.88,1.81,66,11408,43,68690,21544,8.25,1426.0,5.375,1760476399,1776796006,"2025-10-14 21:13:19","2026-04-21 18:26:46"
STEAM_0:1:23602676,181121093342461952,BESTIA,BESTIA,BESTIA,8,9,7184,119.73,2.0,46,13711,47,59309,25157,5.75,1713.88,5.875,1761257076,1761942597,"2025-10-23 22:04:36","2025-10-31 20:29:57"
STEAM_0:1:40017269,542264913440276481,69nutjob,69nutjob,sixty-nine&#x60;&#x60;&#x60;,8,8,6505,108.42,1.81,53,7381,30,31965,22746,6.625,922.63,3.75,1771625258,1778207802,"2026-02-20 22:07:38","2026-05-08 02:36:42"
STEAM_0:0:1554021,250935977059549185,"go papi go papi go papi","go papi go papi go papi",hamhageN,7,7,6312,105.2,1.75,61,12995,59,63641,23450,8.714,1856.43,8.429,1767750350,1776567678,"2026-01-07 01:45:50","2026-04-19 03:01:18"
STEAM_0:0:840023431,1149892238135013457,"➁🅃🄾🄴🅂 👣","➁🅃🄾🄴🅂 👣","walking dog brb",7,7,6097,101.62,1.69,51,7332,30,26287,21709,7.286,1047.43,4.286,1762716481,1782861451,"2025-11-09 19:28:01","2026-06-30 23:17:31"
STEAM_0:1:481409,120411697184768000,MILOS,MILOS,rQ.MILOS,7,11,9441,157.35,2.62,83,16276,14,58091,24792,11.857,2325.14,2.0,1762933512,1782193624,"2025-11-12 07:45:12","2026-06-23 05:47:04"
STEAM_0:1:69020,1087546955506384987,rk,rk,rk,7,7,5427,90.45,1.51,43,11402,41,66628,30734,6.143,1628.86,5.857,1759629102,1782347697,"2025-10-05 01:51:42","2026-06-25 00:34:57"
STEAM_0:0:3370,823692313477120001,Demonz,Demonz,Demonz,6,6,5487,91.45,1.52,44,6045,20,48724,14050,7.333,1007.5,3.333,1759714856,1781975662,"2025-10-06 01:40:56","2026-06-20 17:14:22"
STEAM_0:1:206377,176878275262545920,Hampster,Hampster,"low ceiling tfc player*",6,10,5691,94.85,1.58,66,13564,0,59025,28678,11.0,2260.67,0.0,1761437899,1781591899,"2025-10-26 00:18:19","2026-06-16 06:38:19"
STEAM_0:0:15461971,184467143520288768,davjs,davjs,lat,5,5,4496,74.93,1.25,18,6105,19,41472,13525,3.6,1221.0,3.8,1764913884,1765408254,"2025-12-05 05:51:24","2025-12-10 23:10:54"
STEAM_0:0:5302,1360719099390333079,redux,redux,redux,5,8,5181,86.35,1.44,46,7332,5,26458,11874,9.2,1466.4,1.0,1759548881,1780025177,"2025-10-04 03:34:41","2026-05-29 03:26:17"
STEAM_0:1:1774174,939738698436714627,"e z n o r b","e z n o r b",eznor|3.&#x60;,5,8,7605,126.75,2.11,37,13718,7,51571,23824,7.4,2743.6,1.4,1759185746,1781494128,"2025-09-29 22:42:26","2026-06-15 03:28:48"
STEAM_0:1:3775094,395726441733685268,zozozowned,zozozowned,zozozozo,5,6,4062,67.7,1.13,43,9051,23,39866,12163,8.6,1810.2,4.6,1759863036,1774552948,"2025-10-07 18:50:36","2026-03-26 19:22:28"
STEAM_0:1:2118211,900538854807842887,KL,KL,knockedlo0$e-FAAC,4,4,3592,59.87,1.0,16,4268,13,21197,11835,4.0,1067.0,3.25,1766362493,1776735904,"2025-12-22 00:14:53","2026-04-21 01:45:04"
STEAM_0:1:514446165,343408263985102850,Bat,Bat,w0w,4,4,3598,59.97,1.0,33,6605,25,26453,16363,8.25,1651.25,6.25,1760418419,1761694295,"2025-10-14 05:06:59","2025-10-28 23:31:35"
STEAM_0:1:62821,712662788496949329,Stryder,Stryder,Stryder,4,8,5530,92.17,1.54,62,14429,0,53237,27264,15.5,3607.25,0.0,1759196248,1760323627,"2025-09-30 01:37:28","2025-10-13 02:47:07"
STEAM_0:0:27931133,272233232635002880,jigga,jigga,"the J I G",3,3,2088,34.8,0.58,15,2717,17,15991,5776,5.0,905.67,5.667,1775355661,1776390055,"2026-04-05 02:21:01","2026-04-17 01:40:55"
STEAM_0:1:1146053,405210062416642073,dankthetank,dankthetank,dank,3,3,2695,44.92,0.75,11,3965,16,21345,7447,3.667,1321.67,5.333,1763436619,1763448341,"2025-11-18 03:30:19","2025-11-18 06:45:41"
STEAM_0:1:1419117,421761133259784192,TpM,TpM,wei,3,3,2737,45.62,0.76,8,3326,12,27290,3840,2.667,1108.67,4.0,1767044412,1776200149,"2025-12-29 21:40:12","2026-04-14 20:55:49"
STEAM_0:1:253742,300022534055788546,Wish|Retired,Wish|Retired,[Rasta]W!sh,3,3,2696,44.93,0.75,7,2955,16,25175,5648,2.333,985.0,5.333,1761848024,1766178959,"2025-10-30 18:13:44","2025-12-19 21:15:59"
STEAM_0:1:545866563,711741741170163734,V01D0B0T_,V01D0B0T_,V01D0B0T_,3,3,2700,45.0,0.75,22,2806,11,20268,9169,7.333,935.33,3.667,1774494885,1775353213,"2026-03-26 03:14:45","2026-04-05 01:40:13"
STEAM_0:1:59330,429032533586608139,wilco,wilco,wilco,3,3,2700,45.0,0.75,11,1860,8,21466,4979,3.667,620.0,2.667,1760136298,1776724925,"2025-10-10 22:44:58","2026-04-20 22:42:05"
STEAM_0:0:1040448,201817465187991552,TloFly,TloFly,-&#x3D;TLO&#x3D;-FLY,2,2,1800,30.0,0.5,6,1096,4,9463,2449,3.0,548.0,2.0,1760291632,1760461866,"2025-10-12 17:53:52","2025-10-14 17:11:06"
STEAM_0:0:1312671,307585480877408256,Rkx,Rkx,nirvaa,2,2,1792,29.87,0.5,10,2290,7,11635,3749,5.0,1145.0,3.5,1776113629,1776200149,"2026-04-13 20:53:49","2026-04-14 20:55:49"
STEAM_0:0:465736,272869050764492801,design/echoplant,design/echoplant,design,2,2,1796,29.93,0.5,20,2306,7,9933,5563,10.0,1153.0,3.5,1763875934,1767064047,"2025-11-23 05:32:14","2025-12-30 03:07:27"
STEAM_0:1:209394029,342373273218187265,feyee,feyee,feyee,2,2,1797,29.95,0.5,8,1825,6,19167,3576,4.0,912.5,3.0,1772756642,1773595155,"2026-03-06 00:24:02","2026-03-15 17:19:15"
STEAM_0:1:2106477,698882767072657479,kynnell,kynnell,"kynnell fka. [-]accz/[-]accrede",2,2,1798,29.97,0.5,9,863,6,7938,3326,4.5,431.5,3.0,1771191259,1771885468,"2026-02-15 21:34:19","2026-02-23 22:24:28"
STEAM_0:1:2278493,118900492607684614,souz,souz,souz,2,2,1798,29.97,0.5,18,3213,7,13662,7918,9.0,1606.5,3.5,1764132130,1773715767,"2025-11-26 04:42:10","2026-03-17 02:49:27"
STEAM_0:1:5077420,188010370282029056,Nest,Nest,nest,2,2,1798,29.97,0.5,13,2855,9,10906,3986,6.5,1427.5,4.5,1777752798,1780787624,"2026-05-02 20:13:18","2026-06-06 23:13:44"
STEAM_0:1:704738244,,,Player,Player,2,2,1120,18.67,0.31,14,2667,4,10743,6886,7.0,1333.5,2.0,1766536369,1766538923,"2025-12-24 00:32:49","2025-12-24 01:15:23"
STEAM_0:1:828009120,645389308240461844,seve,seve,seve,2,3,1808,30.13,0.5,10,1556,5,12674,5247,5.0,778.0,2.5,1771642945,1771648369,"2026-02-21 03:02:25","2026-02-21 04:32:49"
STEAM_0:0:182566121,715070640557654018,cptchris,cptchris,"[$oloFemale]Chode Roulette",1,2,905,15.08,0.25,30,3127,0,11032,3314,30.0,3127.0,0.0,1762360779,1762360779,"2025-11-05 16:39:39","2025-11-05 16:39:39"
STEAM_0:0:20306584,596225454721990676,botch,botch,unknown,1,1,900,15.0,0.25,23,1548,4,7020,5645,23.0,1548.0,4.0,1760740597,1760740597,"2025-10-17 22:36:37","2025-10-17 22:36:37"
STEAM_0:0:5116345,683598755593060376,CyKoDad,CyKoDad,"OST-CyKo Dad",1,1,7,0.12,0.0,4,1161,0,1836,370,4.0,1161.0,0.0,1760323627,1760323627,"2025-10-13 02:47:07","2025-10-13 02:47:07"
STEAM_0:0:69474624,,,bipps,bipps,1,1,900,15.0,0.25,8,1428,2,7792,1816,8.0,1428.0,2.0,1782171499,1782171499,"2026-06-22 23:38:19","2026-06-22 23:38:19"
STEAM_0:0:849627,683484341283848386,Suicide_Kid,Suicide_Kid,OST-Suicide_Kid,1,2,281,4.68,0.08,29,3683,0,7878,8229,29.0,3683.0,0.0,1760320645,1760320645,"2025-10-13 01:57:25","2025-10-13 01:57:25"
STEAM_0:0:9111892,425733913303056426,max,max,ds,1,1,900,15.0,0.25,3,1289,6,10868,2945,3.0,1289.0,6.0,1769980529,1769980529,"2026-02-01 21:15:29","2026-02-01 21:15:29"
STEAM_0:1:126476526,,,[BAD]Unzy,[BAD]Unzy,1,1,6,0.1,0.0,0,0,0,0,0,0.0,0.0,0.0,1760418419,1760418419,"2025-10-14 05:06:59","2025-10-14 05:06:59"
STEAM_0:1:1439748,566457339192803328,KIMBEEZY,KIMBEEZY,KIMBEEZY,1,2,502,8.37,0.14,41,3571,0,12435,10017,41.0,3571.0,0.0,1758942947,1758942947,"2025-09-27 03:15:47","2025-09-27 03:15:47"
STEAM_0:1:1889956,128235652348116992,Relic,Relic,relic,1,1,900,15.0,0.25,8,1452,1,8149,3749,8.0,1452.0,1.0,1780701307,1780701307,"2026-06-05 23:15:07","2026-06-05 23:15:07"
STEAM_0:1:28914,515968932641767444,Obliz,Obliz,Obliz,1,2,1565,26.08,0.43,19,1623,0,7313,3681,19.0,1623.0,0.0,1759863036,1759863036,"2025-10-07 18:50:36","2025-10-07 18:50:36"
STEAM_0:1:374021450,,,omni,omni,1,1,900,15.0,0.25,4,355,1,5747,1867,4.0,355.0,1.0,1781296751,1781296751,"2026-06-12 20:39:11","2026-06-12 20:39:11"
STEAM_0:1:4088478,817683317448245258,charlie,charlie,plomf,1,1,900,15.0,0.25,5,778,3,6147,2069,5.0,778.0,3.0,1781410429,1781410429,"2026-06-14 04:13:49","2026-06-14 04:13:49"
STEAM_0:1:4564658,300445100515917824,Koron,Koron,Koron,1,1,900,15.0,0.25,11,1772,5,6316,2989,11.0,1772.0,5.0,1775021614,1775021614,"2026-04-01 05:33:34","2026-04-01 05:33:34"
STEAM_0:1:512155470,1000206528491569324,Lowla,Lowla,"Lowla! (she/her)",1,1,900,15.0,0.25,3,1568,3,3741,2003,3.0,1568.0,3.0,1781929805,1781929805,"2026-06-20 04:30:05","2026-06-20 04:30:05"
STEAM_0:1:600201012,1008919943275880500,military_snake,military_snake,"Military Snake",1,1,900,15.0,0.25,7,549,0,2059,671,7.0,549.0,0.0,1780184351,1780184351,"2026-05-30 23:39:11","2026-05-30 23:39:11"
STEAM_0:1:687110,227194779778154496,Lecs,Lecs,Lecoste,1,1,887,14.78,0.25,8,1270,3,6611,2791,8.0,1270.0,3.0,1760458140,1760458140,"2025-10-14 16:09:00","2025-10-14 16:09:00"
STEAM_0:1:68887,185453694865637376,Marcus,Marcus,M.se,1,1,900,15.0,0.25,0,0,0,0,0,0.0,0.0,0.0,1775346472,1775346472,"2026-04-04 23:47:52","2026-04-04 23:47:52"
STEAM_0:1:758375,154096033041743873,r0flz,r0flz,r0flz&#x60;,1,1,900,15.0,0.25,12,2143,9,7940,5125,12.0,2143.0,9.0,1773906842,1773906842,"2026-03-19 07:54:02","2026-03-19 07:54:02"
STEAM_0:1:83484,196045195714887681,georgie,georgie,george,1,1,79,1.32,0.02,6,2328,8,4640,930,6.0,2328.0,8.0,1777755451,1777755451,"2026-05-02 20:57:31","2026-05-02 20:57:31"
STEAM_0:1:928287,,,"rQ.Purple Goose","rQ.Purple Goose",1,2,1897,31.62,0.53,4,2895,0,11831,6725,4.0,2895.0,0.0,1782193624,1782193624,"2026-06-23 05:47:04","2026-06-23 05:47:04"
