comparison_mode,comparison_label,map_name,post_soldier_rounds,post_damage_per_round,post_team_damage_per_round,post_kills_per_round,post_deaths_per_round,post_kd,post_friendly_damage_pct,pre_soldier_rounds,pre_damage_per_round,pre_team_damage_per_round,pre_kills_per_round,pre_deaths_per_round,pre_kd,pre_friendly_damage_pct,soldier_rounds_pct_change,damage_per_round_pct_change,team_damage_per_round_pct_change,kills_per_round_pct_change,deaths_per_round_pct_change,kd_pct_change,friendly_damage_pct_pct_change
equal_time,Equal Time,waterwar_lg,2,6360.5,669.0,30.0,25.0,1.2,9.517035351020699,5,7427.4,1645.6,38.8,28.2,1.375886524822695,18.137330541166097,-60.0,-14.36438053693082,-59.34613514827418,-22.680412371134015,-11.347517730496453,-12.783505154639178,-47.527915811976904
equal_time,Equal Time,blutopia_tfp,10,6736.5,1632.4,34.7,34.8,0.9971264367816092,19.50555031127149,8,7699.5,2429.625,43.375,33.0,1.3143939393939394,23.98652400873718,25.0,-12.5073056691993,-32.81267685342387,-19.999999999999996,5.454545454545446,-24.137931034482765,-18.68121323387031
equal_time,Equal Time,schtop,32,7218.34375,1309.09375,36.90625,35.625,1.0359649122807018,15.351549043895075,31,7610.0,2096.548387096774,40.806451612903224,37.74193548387097,1.0811965811965811,21.59931938199353,3.225806451612903,-5.146599868593955,-37.55957372332405,-9.557806324110668,-5.6089743589743595,-4.183482421468685,-28.92577413021156
equal_time,Equal Time,snow_gutter,6,7959.5,1217.8333333333333,37.666666666666664,32.833333333333336,1.1472081218274113,13.270013075693738,8,8212.125,1859.5,39.375,33.125,1.1886792452830188,18.462760478075783,-25.0,-3.0762439685221548,-34.50748409070539,-4.338624338624345,-0.8805031446540809,-3.4888405446780957,-28.125520062659888
equal_time,Equal Time,castra_b6,26,7507.961538461538,1282.4615384615386,36.73076923076923,32.73076923076923,1.1222091656874265,14.589303919037764,27,7721.074074074074,1727.5555555555557,39.111111111111114,32.96296296296296,1.1865168539325843,18.283662533857544,-3.7037037037037037,-2.7601410576817016,-25.76438226039461,-6.086101398601399,-0.7044079515989514,-5.419871452480161,-20.205790869190434
equal_time,Equal Time,phantom_lg,34,7727.14705882353,1352.0,37.588235294117645,32.11764705882353,1.1703296703296704,14.891266671201945,34,8106.882352941177,1753.1176470588234,39.88235294117647,32.35294117647059,1.2327272727272727,17.78009784035318,0.0,-4.684110088015264,-22.880246955004527,-5.752212389380537,-0.7272727272727247,-5.061752406885141,-16.247554963363747
equal_time,Equal Time,stormz2_lg,21,9188.095238095239,1104.3333333333333,39.57142857142857,37.23809523809524,1.0626598465473145,10.72957004918086,25,9241.04,1396.68,38.8,35.76,1.0850111856823266,13.129505194722178,-16.0,-0.5729307729948397,-20.93154241964278,1.9882179675994132,4.133375945456495,-2.0600100192475055,-18.278945854761144
equal_time,Equal Time,demolish2_b6,43,7732.790697674419,1284.3953488372092,38.48837209302326,32.674418604651166,1.1779359430604983,14.243859916077568,37,8012.216216216216,1501.3513513513512,39.567567567567565,32.648648648648646,1.2119205298013245,15.781160334316283,16.216216216216218,-3.4874934849643404,-14.450714838925752,-2.72747490151225,0.07893115663023569,-2.8041926764288254,-9.74136492926848
equal_time,Equal Time,siege,33,7392.242424242424,925.939393939394,35.72727272727273,25.272727272727273,1.4136690647482015,11.13151183970856,28,7425.535714285715,1127.0357142857142,34.857142857142854,23.178571428571427,1.5038520801232667,13.177741030266587,17.857142857142858,-0.4483621293375361,-17.842941248207897,2.4962742175857002,9.034878834570678,-5.996800919919802,-15.527920801131657
equal_time,Equal Time,openfire_lowgrens,32,7371.46875,1389.21875,36.6875,32.65625,1.123444976076555,15.857417012078104,39,7633.282051282052,1549.5128205128206,38.84615384615385,30.53846153846154,1.2720403022670026,16.87408727022944,-17.94871794871795,-3.429891618351489,-10.344804405023913,-5.556930693069308,6.934823677581858,-11.681652375763896,-6.025038521313242
equal_time,Equal Time,shutdown2_lg2,36,7283.055555555556,928.3888888888889,37.75,24.444444444444443,1.544318181818182,11.306036290813633,37,7126.216216216216,1088.6756756756756,37.108108108108105,22.27027027027027,1.6662621359223302,13.252465035482693,-2.7027027027027026,2.200878202129774,-14.723098014227821,1.7297887836853685,9.762675296655871,-7.318413560219823,-14.687295831059442
equal_time,Equal Time,alchimy_lg,27,8480.962962962964,1029.2962962962963,38.03703703703704,29.77777777777778,1.277363184079602,10.823009849012957,34,9098.79411764706,1179.2058823529412,44.029411764705884,29.205882352941178,1.5075528700906344,11.473106463834805,-20.58823529411765,-6.790253155479317,-12.712757653270963,-13.609935921225167,1.9581515049792986,-15.269095404739824,-5.6662649899664395
equal_time,Equal Time,monkey_lg,60,7899.716666666666,1330.1166666666666,40.21666666666667,31.016666666666666,1.2966147232670606,14.411058343415373,54,8066.037037037037,1451.5185185185185,39.0,30.203703703703702,1.291232372777437,15.25095924101271,11.11111111111111,-2.0619837177373905,-8.363782501084437,3.1196581196581246,2.691600245248315,0.4168382549181387,-5.5072004607991145
equal_time,Equal Time,raiden9,51,7336.294117647059,1228.2941176470588,36.0,30.80392156862745,1.1686823679185232,14.34154315306529,53,7344.528301886792,1268.7169811320755,36.509433962264154,29.339622641509433,1.2443729903536977,14.729836890090295,-3.7735849056603774,-0.11211318006111134,-3.186121419211037,-1.395348837209311,4.990858079566239,-6.082631415333148,-2.636103440400182
equal_time,Equal Time,fry_baked_lg,25,6923.04,1336.16,33.0,29.32,1.125511596180082,16.1778380472685,29,7009.0,1297.4827586206898,32.44827586206897,27.103448275862068,1.1972010178117047,15.620122214473117,-13.793103448275861,-1.2264231702097308,2.980944534509791,1.7003188097768254,8.178117048346062,-5.988085590059039,3.5704959611559413
equal_time,Equal Time,cranked,22,8238.454545454546,1345.0,40.36363636363637,36.31818181818182,1.1113892365456821,14.034605095903926,36,8128.666666666667,1289.6666666666667,40.861111111111114,33.94444444444444,1.2037643207855975,13.693151654574411,-38.888888888888886,1.3506259180006435,4.29051434479193,-1.2174772881774918,6.993006993007004,-7.673851321629949,2.493607388153383
equal_time,Equal Time,stowaway2_lg2,16,8761.4375,1076.5,43.75,28.25,1.5486725663716814,10.942334203688528,12,8737.5,911.5,42.166666666666664,25.25,1.66996699669967,9.44657477458804,33.333333333333336,0.2739628040057225,18.102029621503018,3.7549407114624564,11.881188118811881,-7.2632830809052455,15.83388121929853
equal_time,Equal Time,turbo_b10,4,8264.75,1608.0,39.5,30.75,1.2845528455284554,16.287255323997872,4,6773.75,1322.75,30.0,23.25,1.2903225806451613,16.337306243438523,0.0,22.011441225318325,21.564921564921566,31.666666666666668,32.25806451612903,-0.44715447154470456,-0.30635968191360896
equal_time,Equal Time,voltage_lg,4,7074.75,1318.25,36.25,29.25,1.2393162393162394,15.70654116525676,4,7142.5,1012.0,31.25,26.5,1.179245283018868,12.410325587099148,0.0,-0.9485474273713685,30.261857707509883,16.0,10.377358490566039,5.094017094017091,26.560266731310524
equal_match_count,Equal Match Count,waterwar_lg,2,6360.5,669.0,30.0,25.0,1.2,9.517035351020699,5,7427.4,1645.6,38.8,28.2,1.375886524822695,18.137330541166097,-60.0,-14.36438053693082,-59.34613514827418,-22.680412371134015,-11.347517730496453,-12.783505154639178,-47.527915811976904
equal_match_count,Equal Match Count,schtop,32,7218.34375,1309.09375,36.90625,35.625,1.0359649122807018,15.351549043895075,35,7624.085714285714,1997.9714285714285,40.714285714285715,37.31428571428572,1.0911179173047474,20.764493485206607,-8.571428571428571,-5.321844211764966,-34.47885533898668,-9.3530701754386,-4.527182235834616,-5.054724530624814,-26.06827103761483
equal_match_count,Equal Match Count,blutopia_tfp,10,6736.5,1632.4,34.7,34.8,0.9971264367816092,19.50555031127149,10,7727.4,2121.6,42.8,31.8,1.3459119496855345,21.541273225708192,0.0,-12.823200559049612,-23.058069381598788,-18.9252336448598,9.433962264150933,-25.91443764099259,-9.450337002397749
equal_match_count,Equal Match Count,castra_b6,26,7507.961538461538,1282.4615384615386,36.73076923076923,32.73076923076923,1.1222091656874265,14.589303919037764,27,7721.074074074074,1727.5555555555557,39.111111111111114,32.96296296296296,1.1865168539325843,18.283662533857544,-3.7037037037037037,-2.7601410576817016,-25.76438226039461,-6.086101398601399,-0.7044079515989514,-5.419871452480161,-20.205790869190434
equal_match_count,Equal Match Count,snow_gutter,6,7959.5,1217.8333333333333,37.666666666666664,32.833333333333336,1.1472081218274113,13.270013075693738,10,8139.4,1653.9,39.4,32.6,1.2085889570552146,16.888076542125738,-40.0,-2.210236626778382,-26.36596327871497,-4.399323181049072,0.7157464212678966,-5.078718853874085,-21.423774681545748
equal_match_count,Equal Match Count,phantom_lg,34,7727.14705882353,1352.0,37.588235294117645,32.11764705882353,1.1703296703296704,14.891266671201945,36,8291.166666666666,1723.1666666666667,40.138888888888886,32.583333333333336,1.2318840579710144,17.20700329527677,-5.555555555555555,-6.802656737207909,-21.539800754424995,-6.3545695094646835,-1.4292161877538825,-4.996767937944397,-13.458105309426436
equal_match_count,Equal Match Count,stormz2_lg,21,9188.095238095239,1104.3333333333333,39.57142857142857,37.23809523809524,1.0626598465473145,10.72957004918086,28,9249.607142857143,1332.642857142857,39.07142857142857,35.92857142857143,1.0874751491053678,12.59319007907446,-25.0,-0.6650218091630642,-17.132086258955535,1.2797074954296161,3.6447978793903264,-2.281919046928851,-14.798633374003426
equal_match_count,Equal Match Count,demolish2_b6,43,7732.790697674419,1284.3953488372092,38.48837209302326,32.674418604651166,1.1779359430604983,14.243859916077568,37,8012.216216216216,1501.3513513513512,39.567567567567565,32.648648648648646,1.2119205298013245,15.781160334316283,16.216216216216218,-3.4874934849643404,-14.450714838925752,-2.72747490151225,0.07893115663023569,-2.8041926764288254,-9.74136492926848
equal_match_count,Equal Match Count,siege,33,7392.242424242424,925.939393939394,35.72727272727273,25.272727272727273,1.4136690647482015,11.13151183970856,32,7559.25,1123.25,35.75,23.15625,1.543859649122807,12.936942124964007,3.125,-2.2093140954139097,-17.56604549838469,-0.06357279084551992,9.139982824193353,-8.432799215173304,-13.955618474721051
equal_match_count,Equal Match Count,openfire_lowgrens,32,7371.46875,1389.21875,36.6875,32.65625,1.123444976076555,15.857417012078104,39,7633.282051282052,1549.5128205128206,38.84615384615385,30.53846153846154,1.2720403022670026,16.87408727022944,-17.94871794871795,-3.429891618351489,-10.344804405023913,-5.556930693069308,6.934823677581858,-11.681652375763896,-6.025038521313242
equal_match_count,Equal Match Count,shutdown2_lg2,36,7283.055555555556,928.3888888888889,37.75,24.444444444444443,1.544318181818182,11.306036290813633,37,7126.216216216216,1088.6756756756756,37.108108108108105,22.27027027027027,1.6662621359223302,13.252465035482693,-2.7027027027027026,2.200878202129774,-14.723098014227821,1.7297887836853685,9.762675296655871,-7.318413560219823,-14.687295831059442
equal_match_count,Equal Match Count,alchimy_lg,27,8480.962962962964,1029.2962962962963,38.03703703703704,29.77777777777778,1.277363184079602,10.823009849012957,36,9206.75,1186.8333333333333,44.111111111111114,29.11111111111111,1.515267175572519,11.418904291910874,-25.0,-7.88320565929385,-13.273728720997356,-13.769941225860626,2.290076335877867,-15.700464929759264,-5.218490563232474
equal_match_count,Equal Match Count,monkey_lg,60,7899.716666666666,1330.1166666666666,40.21666666666667,31.016666666666666,1.2966147232670606,14.411058343415373,58,8095.448275862069,1440.551724137931,38.793103448275865,30.103448275862068,1.288659793814433,15.106456838694747,3.4482758620689653,-2.417798280288061,-7.6661639857015205,3.669629629629627,3.0336006109202,0.6173025255238975,-4.60331964473715
equal_match_count,Equal Match Count,raiden9,51,7336.294117647059,1228.2941176470588,36.0,30.80392156862745,1.1686823679185232,14.34154315306529,53,7344.528301886792,1268.7169811320755,36.509433962264154,29.339622641509433,1.2443729903536977,14.729836890090295,-3.7735849056603774,-0.11211318006111134,-3.186121419211037,-1.395348837209311,4.990858079566239,-6.082631415333148,-2.636103440400182
equal_match_count,Equal Match Count,fry_baked_lg,25,6923.04,1336.16,33.0,29.32,1.125511596180082,16.1778380472685,29,7009.0,1297.4827586206898,32.44827586206897,27.103448275862068,1.1972010178117047,15.620122214473117,-13.793103448275861,-1.2264231702097308,2.980944534509791,1.7003188097768254,8.178117048346062,-5.988085590059039,3.5704959611559413
equal_match_count,Equal Match Count,cranked,22,8238.454545454546,1345.0,40.36363636363637,36.31818181818182,1.1113892365456821,14.034605095903926,36,8128.666666666667,1289.6666666666667,40.861111111111114,33.94444444444444,1.2037643207855975,13.693151654574411,-38.888888888888886,1.3506259180006435,4.29051434479193,-1.2174772881774918,6.993006993007004,-7.673851321629949,2.493607388153383
equal_match_count,Equal Match Count,stowaway2_lg2,16,8761.4375,1076.5,43.75,28.25,1.5486725663716814,10.942334203688528,18,8859.222222222223,929.3888888888889,42.833333333333336,25.666666666666668,1.6688311688311688,9.494594057720139,-11.11111111111111,-1.1037619304428576,15.82880028692689,2.1400778210116673,10.06493506493506,-7.2001652835646155,15.248046806079282
equal_match_count,Equal Match Count,turbo_b10,4,8264.75,1608.0,39.5,30.75,1.2845528455284554,16.287255323997872,4,6773.75,1322.75,30.0,23.25,1.2903225806451613,16.337306243438523,0.0,22.011441225318325,21.564921564921566,31.666666666666668,32.25806451612903,-0.44715447154470456,-0.30635968191360896
equal_match_count,Equal Match Count,voltage_lg,4,7074.75,1318.25,36.25,29.25,1.2393162393162394,15.70654116525676,4,7142.5,1012.0,31.25,26.5,1.179245283018868,12.410325587099148,0.0,-0.9485474273713685,30.261857707509883,16.0,10.377358490566039,5.094017094017091,26.560266731310524
